friend_pos_list,foe_pos_list,target_coor,label
"[[33.271634, 35.554621], [33.271808, 35.554478], [33.271774, 35.55445], [33.271213, 35.554389], [33.27182, 35.554605], [33.272123, 35.554689], [33.271958, 35.554318], [33.271768, 35.554644], [33.271227, 35.554508], [33.271254, 35.55446], [33.271826, 35.554486], [33.27558, 35.55346], [33.275722, 35.553019], [33.275736, 35.553098], [33.275872, 35.552895], [33.275761, 35.552799], [33.275401, 35.553219], [33.275616, 35.55291], [33.275823, 35.55353], [33.275755, 35.552969], [33.275457, 35.553345], [33.275326, 35.553082], [33.275554, 35.553244], [33.27147, 35.552995], [33.271828, 35.552898], [33.271809, 35.552427], [33.271392, 35.552882], [33.271245, 35.552721], [33.271608, 35.552271], [33.271112, 35.552578], [33.271169, 35.55281], [33.271008, 35.55235], [33.271442, 35.552186], [33.271792, 35.550306], [33.272609, 35.550751], [33.271757, 35.550719], [33.272412, 35.550744], [33.271987, 35.550186], [33.272496, 35.549963], [33.272302, 35.555585], [33.272131, 35.555254], [33.272203, 35.556063], [33.271597, 35.555471], [33.272512, 35.556003], [33.272181, 35.555287], [33.271812, 35.554859], [33.272649, 35.554338], [33.271984, 35.553971], [33.271985, 35.554038], [33.271881, 35.554311], [33.271934, 35.554905], [33.271869, 35.554312], [33.272526, 35.554524], [33.271874, 35.554196], [33.272748, 35.554135], [33.271976, 35.554431], [33.27117, 35.550679], [33.270682, 35.549822], [33.271487, 35.550071], [33.270609, 35.550025], [33.271023, 35.550087], [33.270883, 35.550636], [33.270662, 35.550575], [33.272904, 35.555119], [33.272168, 35.555654], [33.27291, 35.555553], [33.272438, 35.555552], [33.27284, 35.555066], [33.27284, 35.554928], [33.272179, 35.555486], [33.27253, 35.555497], [33.272746, 35.555779], [33.268958, 35.552252], [33.269639, 35.552203], [33.269705, 35.552848], [33.269432, 35.552151], [33.269212, 35.552872], [33.2693, 35.552753], [33.269648, 35.552807]]","[[33.285482, 35.546497], [33.285375, 35.546701], [33.285279, 35.547361], [33.285074, 35.547139], [33.285411, 35.546697], [33.285318, 35.546555], [33.286, 35.546598], [33.284552, 35.550001], [33.283634, 35.549841], [33.284116, 35.550199], [33.283927, 35.549798], [33.284296, 35.550362], [33.284439, 35.55068], [33.285015, 35.549992], [33.284935, 35.549899], [33.285189, 35.550003], [33.285007, 35.549334], [33.284646, 35.549892], [33.285521, 35.549534], [33.284714, 35.549696], [33.285143, 35.549628], [33.285753, 35.549495], [33.284871, 35.548795], [33.285524, 35.54883], [33.28488, 35.549376], [33.285121, 35.549052], [33.285464, 35.549495], [33.285639, 35.549174], [33.284973, 35.549113], [33.285316, 35.548816], [33.285601, 35.548954]]","[33.267187, 35.559113]",foe
"[[33.271717, 35.554619], [33.271968, 35.555146], [33.271715, 35.554483], [33.272017, 35.55452], [33.271539, 35.554896], [33.272025, 35.554756], [33.271853, 35.554948], [33.274988, 35.553071], [33.275074, 35.553641], [33.275954, 35.553566], [33.275157, 35.553129], [33.275469, 35.553078], [33.275129, 35.553454], [33.275721, 35.553414], [33.275328, 35.552758], [33.275896, 35.553169], [33.275526, 35.552994], [33.274965, 35.553008], [33.275584, 35.553023], [33.271611, 35.55302], [33.271064, 35.552796], [33.271603, 35.552596], [33.271504, 35.552268], [33.27119, 35.552534], [33.271471, 35.552506], [33.27174, 35.552408], [33.270916, 35.552299], [33.270954, 35.552793], [33.271842, 35.552119], [33.271808, 35.552781], [33.273377, 35.550187], [33.274002, 35.550781], [33.273929, 35.550508], [33.273677, 35.550362], [33.273347, 35.549972], [33.274262, 35.54979], [33.274176, 35.549987], [33.273463, 35.549973], [33.273716, 35.550242], [33.273912, 35.550725], [33.2723, 35.555672], [33.272299, 35.555211], [33.27191, 35.55549], [33.272438, 35.555226], [33.271944, 35.555301], [33.272528, 35.556024], [33.272385, 35.555912], [33.272049, 35.555221], [33.271695, 35.555616], [33.272536, 35.554368], [33.27199, 35.553934], [33.27221, 35.554351], [33.272429, 35.554319], [33.272227, 35.55487], [33.272372, 35.55441], [33.270886, 35.54973], [33.271331, 35.550348], [33.270926, 35.550485], [33.271345, 35.549878], [33.270944, 35.550198], [33.270956, 35.550323], [33.271069, 35.549987], [33.271288, 35.550364], [33.270881, 35.55003], [33.272008, 35.55561], [33.271807, 35.554641], [33.271503, 35.554867], [33.272347, 35.555473], [33.272211, 35.55521], [33.272299, 35.555173], [33.269516, 35.55299], [33.269489, 35.552877], [33.269897, 35.552782], [33.269383, 35.552828], [33.269278, 35.553105], [33.270063, 35.552163], [33.269385, 35.552684], [33.269396, 35.552981], [33.269322, 35.553038], [33.269772, 35.552608]]","[[33.285832, 35.546818], [33.28596, 35.546444], [33.286043, 35.546558], [33.285148, 35.546675], [33.285887, 35.546643], [33.285089, 35.547282], [33.285118, 35.546494], [33.285388, 35.547247], [33.285528, 35.546779], [33.285519, 35.547375], [33.28528, 35.547021], [33.285431, 35.547124], [33.283913, 35.550422], [33.284062, 35.550394], [33.283819, 35.55047], [33.283278, 35.550394], [33.283757, 35.550896], [33.284111, 35.550568], [33.283662, 35.550427], [33.283391, 35.55088], [33.283973, 35.550361], [33.284559, 35.549267], [33.285441, 35.549943], [33.285393, 35.549295], [33.284761, 35.549619], [33.284972, 35.549386], [33.285553, 35.550094], [33.285033, 35.549544], [33.285302, 35.549498], [33.284976, 35.54941], [33.285625, 35.549143], [33.284985, 35.549606], [33.285461, 35.548951], [33.285375, 35.548945], [33.285696, 35.549105], [33.285726, 35.548789], [33.285511, 35.548896], [33.284987, 35.549523], [33.285323, 35.54923], [33.284847, 35.548936], [33.285106, 35.549047]]","[33.287799, 35.549756]",foe
"[[33.271877, 35.555127], [33.272187, 35.554665], [33.271985, 35.554847], [33.271197, 35.554286], [33.271311, 35.554648], [33.271316, 35.55481], [33.271834, 35.554801], [33.272112, 35.554281], [33.271348, 35.554569], [33.271856, 35.555153], [33.272177, 35.554338], [33.275766, 35.553641], [33.27598, 35.553106], [33.275349, 35.5528], [33.275636, 35.552764], [33.275312, 35.553282], [33.276155, 35.55271], [33.27096, 35.552984], [33.271062, 35.552467], [33.270889, 35.552353], [33.271481, 35.552223], [33.271665, 35.552264], [33.271162, 35.552738], [33.271229, 35.552157], [33.270976, 35.552701], [33.273996, 35.550052], [33.274304, 35.550003], [33.27411, 35.549822], [33.273901, 35.550061], [33.273899, 35.549914], [33.273717, 35.549631], [33.274306, 35.549993], [33.274283, 35.549505], [33.273729, 35.550339], [33.273872, 35.549505], [33.27423, 35.550124], [33.27423, 35.549581], [33.27388, 35.55563], [33.273381, 35.555384], [33.274171, 35.555105], [33.273695, 35.555388], [33.273726, 35.555132], [33.273827, 35.55582], [33.273737, 35.55519], [33.273561, 35.555951], [33.273862, 35.555572], [33.273387, 35.555085], [33.272458, 35.554093], [33.272091, 35.554323], [33.272607, 35.554218], [33.271951, 35.554768], [33.272321, 35.554721], [33.272089, 35.554603], [33.271958, 35.554596], [33.271914, 35.554379], [33.272095, 35.554022], [33.271374, 35.54989], [33.270977, 35.550273], [33.270885, 35.549868], [33.271519, 35.54992], [33.271143, 35.5504], [33.271043, 35.550331], [33.271257, 35.549843], [33.27185, 35.555084], [33.271622, 35.555055], [33.271878, 35.555219], [33.272203, 35.555427], [33.27223, 35.554665], [33.272112, 35.555426], [33.269311, 35.552913], [33.269674, 35.552609], [33.269341, 35.552376], [33.269445, 35.553113], [33.269621, 35.552404], [33.270016, 35.553094], [33.26931, 35.552394], [33.269658, 35.552664], [33.269317, 35.552996], [33.269084, 35.552825], [33.269377, 35.552785]]","[[33.28542, 35.547328], [33.285201, 35.547102], [33.285746, 35.547027], [33.285207, 35.546839], [33.285329, 35.547326], [33.285175, 35.547103], [33.285487, 35.546724], [33.285169, 35.546921], [33.283589, 35.550813], [33.283999, 35.550506], [33.283426, 35.550454], [33.283398, 35.55081], [33.283955, 35.550299], [33.283619, 35.551061], [33.283873, 35.550548], [33.284988, 35.549464], [33.285213, 35.54983], [33.285154, 35.549617], [33.285287, 35.550122], [33.284813, 35.549816], [33.285305, 35.549614], [33.285437, 35.54951], [33.28526, 35.548738], [33.285391, 35.549577], [33.284925, 35.548977], [33.2849, 35.549428], [33.284976, 35.549213]]","[33.278749, 35.539409]",foe
"[[33.273937, 35.554384], [33.273916, 35.554456], [33.273828, 35.554648], [33.274018, 35.554886], [33.273855, 35.554314], [33.273934, 35.55521], [33.273514, 35.554254], [33.273477, 35.554364], [33.275374, 35.553536], [33.275625, 35.553433], [33.275457, 35.553537], [33.276014, 35.552891], [33.27567, 35.552915], [33.276013, 35.552843], [33.275705, 35.553133], [33.275566, 35.553535], [33.273455, 35.553074], [33.272723, 35.552437], [33.27345, 35.552252], [33.27275, 35.55291], [33.273231, 35.552605], [33.27356, 35.552132], [33.272578, 35.553096], [33.272753, 35.552674], [33.274177, 35.549468], [33.273915, 35.549613], [33.273854, 35.549023], [33.274169, 35.548984], [33.27351, 35.549037], [33.27384, 35.549908], [33.274242, 35.549381], [33.274228, 35.549144], [33.273877, 35.549555], [33.274381, 35.549208], [33.273761, 35.549135], [33.276007, 35.555365], [33.276207, 35.554848], [33.275861, 35.554822], [33.276653, 35.555047], [33.27667, 35.555366], [33.276029, 35.554761], [33.272261, 35.554245], [33.271848, 35.553936], [33.272452, 35.554883], [33.272577, 35.554845], [33.271977, 35.554641], [33.272706, 35.553937], [33.270973, 35.55034], [33.271539, 35.550353], [33.27125, 35.550121], [33.270863, 35.550125], [33.271141, 35.550354], [33.270823, 35.550411], [33.270656, 35.550071], [33.270781, 35.549776], [33.270775, 35.550031], [33.270691, 35.55041], [33.271492, 35.549871], [33.273335, 35.555254], [33.273379, 35.555203], [33.27337, 35.555517], [33.273535, 35.554885], [33.273652, 35.554671], [33.273655, 35.555212], [33.273602, 35.554818], [33.269236, 35.552572], [33.269271, 35.553112], [33.270064, 35.552317], [33.269132, 35.552439], [33.269524, 35.552818], [33.269349, 35.552237], [33.269599, 35.552321], [33.269655, 35.552692], [33.269328, 35.552517], [33.269175, 35.552868]]","[[33.28513, 35.547005], [33.285116, 35.547115], [33.285921, 35.547085], [33.285662, 35.546968], [33.285142, 35.546948], [33.285555, 35.547091], [33.285627, 35.546585], [33.285971, 35.546603], [33.285385, 35.546572], [33.285328, 35.547099], [33.285783, 35.547169], [33.285334, 35.546737], [33.284001, 35.550861], [33.283318, 35.550432], [33.283683, 35.550501], [33.283926, 35.550764], [33.284152, 35.550746], [33.283747, 35.551071], [33.283769, 35.550691], [33.283656, 35.550977], [33.283907, 35.550927], [33.284035, 35.550235], [33.283649, 35.550966], [33.284165, 35.551078], [33.284972, 35.549426], [33.284169, 35.549928], [33.284508, 35.549276], [33.284813, 35.549638], [33.285049, 35.549331], [33.284277, 35.549327], [33.285039, 35.549143], [33.2845, 35.549357], [33.284757, 35.549839], [33.285095, 35.54985], [33.284889, 35.549337], [33.284562, 35.549146], [33.285529, 35.549635], [33.285047, 35.549478], [33.285254, 35.549163], [33.285283, 35.549328], [33.285028, 35.549016], [33.285167, 35.549031], [33.285183, 35.549029], [33.285237, 35.549596], [33.285302, 35.548678], [33.284899, 35.549338], [33.284835, 35.549521], [33.285337, 35.548935]]","[33.280136, 35.549174]",foe
"[[33.273682, 35.555142], [33.274405, 35.554504], [33.27375, 35.554423], [33.273651, 35.554475], [33.273829, 35.554882], [33.273702, 35.5552], [33.27416, 35.554675], [33.273955, 35.554891], [33.274124, 35.55479], [33.274172, 35.554312], [33.278553, 35.552466], [33.278278, 35.552709], [33.277826, 35.552513], [33.278076, 35.553224], [33.278196, 35.552646], [33.278532, 35.55229], [33.278697, 35.552238], [33.273212, 35.552324], [33.272598, 35.552745], [33.272646, 35.552284], [33.272804, 35.552717], [33.272832, 35.552894], [33.272879, 35.552356], [33.272775, 35.552469], [33.273971, 35.549019], [33.273851, 35.549742], [33.274401, 35.549513], [33.273876, 35.549864], [33.274284, 35.549556], [33.273422, 35.549333], [33.273587, 35.549503], [33.273517, 35.549951], [33.274334, 35.549766], [33.274128, 35.549782], [33.273847, 35.549058], [33.273875, 35.549865], [33.27603, 35.555628], [33.275916, 35.555508], [33.276429, 35.555245], [33.276297, 35.554963], [33.276488, 35.55518], [33.276274, 35.555132], [33.276562, 35.555151], [33.272313, 35.55434], [33.271929, 35.554147], [33.272703, 35.554215], [33.272302, 35.55391], [33.271987, 35.554305], [33.272395, 35.554551], [33.270842, 35.55046], [33.271319, 35.550122], [33.271557, 35.550274], [33.271316, 35.550635], [33.270773, 35.549748], [33.271547, 35.550499], [33.270739, 35.550264], [33.270829, 35.550659], [33.273626, 35.555629], [33.273858, 35.554894], [33.274406, 35.55502], [33.274162, 35.555212], [33.274384, 35.55555], [33.273744, 35.554932], [33.269924, 35.552898], [33.269941, 35.552289], [33.269454, 35.552961], [33.269221, 35.552522], [33.269989, 35.552982], [33.269916, 35.552574], [33.269698, 35.552937], [33.270018, 35.552488]]","[[33.286053, 35.546844], [33.285482, 35.547066], [33.285487, 35.54667], [33.285677, 35.546776], [33.285246, 35.547342], [33.285869, 35.5465], [33.283586, 35.550951], [33.284119, 35.550599], [33.283872, 35.550711], [33.283735, 35.550912], [33.283715, 35.550992], [33.283838, 35.550357], [33.28355, 35.550763], [33.284052, 35.550818], [33.28344, 35.550689], [33.283998, 35.551174], [33.285017, 35.549462], [33.284147, 35.549832], [33.284791, 35.549917], [33.284804, 35.549976], [33.285004, 35.549165], [33.284298, 35.549659], [33.284787, 35.549258], [33.284803, 35.54962], [33.285104, 35.548703], [33.285002, 35.549271], [33.284714, 35.549123], [33.285096, 35.549581], [33.285535, 35.548751], [33.285255, 35.549393], [33.28475, 35.549429], [33.285059, 35.549123], [33.28481, 35.548933]]","[33.272437, 35.540839]",friend
"[[33.273956, 35.554481], [33.273081, 35.554625], [33.273354, 35.554139], [33.273806, 35.55431], [33.273877, 35.55418], [33.273186, 35.554015], [33.273955, 35.554212], [33.273567, 35.554602], [33.273522, 35.553905], [33.273725, 35.554569], [33.278516, 35.552816], [33.277852, 35.552564], [33.278706, 35.552885], [33.278146, 35.552651], [33.278459, 35.553143], [33.278771, 35.552585], [33.277921, 35.553115], [33.273121, 35.552202], [33.272961, 35.552407], [33.273552, 35.552673], [33.273396, 35.552719], [33.27326, 35.552643], [33.273442, 35.5527], [33.273241, 35.552545], [33.273495, 35.552851], [33.276081, 35.549089], [33.275626, 35.549298], [33.275918, 35.549085], [33.276355, 35.549728], [33.275633, 35.549542], [33.276515, 35.549082], [33.276242, 35.549311], [33.275776, 35.549678], [33.276198, 35.549689], [33.276571, 35.549519], [33.276221, 35.549001], [33.276059, 35.549545], [33.275599, 35.554941], [33.275976, 35.554313], [33.275529, 35.554334], [33.276079, 35.555181], [33.275901, 35.554832], [33.276104, 35.554632], [33.275922, 35.554526], [33.275769, 35.555209], [33.275492, 35.55509], [33.276062, 35.55495], [33.271986, 35.554375], [33.272133, 35.554298], [33.271933, 35.554704], [33.272589, 35.554578], [33.272532, 35.554154], [33.271826, 35.554697], [33.272337, 35.554792], [33.272677, 35.553935], [33.27193, 35.554248], [33.272035, 35.554595], [33.273128, 35.55065], [33.27313, 35.549933], [33.273734, 35.54985], [33.273548, 35.550517], [33.273521, 35.549998], [33.273855, 35.55049], [33.273508, 35.550135], [33.273382, 35.549904], [33.276297, 35.55493], [33.275762, 35.555709], [33.276115, 35.554835], [33.276208, 35.555668], [33.276556, 35.555726], [33.276275, 35.555135], [33.275722, 35.555702], [33.276071, 35.555601], [33.275664, 35.554962], [33.275646, 35.555639], [33.275956, 35.554767], [33.269632, 35.552317], [33.269659, 35.552737], [33.269968, 35.552378], [33.269873, 35.552245], [33.269995, 35.552813], [33.269091, 35.552288], [33.269383, 35.552715], [33.269791, 35.552633]]","[[33.285893, 35.546682], [33.285405, 35.547391], [33.285567, 35.547081], [33.285703, 35.547254], [33.285784, 35.547192], [33.285299, 35.546959], [33.285694, 35.546672], [33.285794, 35.546693], [33.285419, 35.546547], [33.283833, 35.550458], [33.284089, 35.55038], [33.283696, 35.550444], [33.284358, 35.550317], [33.284059, 35.550367], [33.284227, 35.550442], [33.283961, 35.550667], [33.284256, 35.550918], [33.283427, 35.550724], [33.283624, 35.550725], [33.283643, 35.550574], [33.284373, 35.549271], [33.284219, 35.549323], [33.284626, 35.549318], [33.284328, 35.549601], [33.284229, 35.549462], [33.284796, 35.549574], [33.285059, 35.550093], [33.285007, 35.550066], [33.285056, 35.550116], [33.284976, 35.549837], [33.284634, 35.54945], [33.285611, 35.549772], [33.28471, 35.549745], [33.284709, 35.549739], [33.285143, 35.548848], [33.285543, 35.549672], [33.285079, 35.549581], [33.284821, 35.549413], [33.284902, 35.549544], [33.284781, 35.548926], [33.284962, 35.549445], [33.28553, 35.549821]]","[33.28234, 35.551092]",foe
"[[33.273723, 35.553988], [33.273565, 35.554385], [33.273898, 35.554393], [33.273732, 35.55474], [33.273861, 35.554127], [33.273578, 35.554145], [33.273701, 35.55479], [33.278266, 35.55321], [33.278063, 35.552637], [33.277999, 35.553009], [33.278203, 35.552238], [33.278349, 35.553062], [33.278331, 35.552771], [33.278152, 35.552744], [33.278327, 35.552366], [33.273302, 35.553087], [33.273172, 35.552663], [33.273481, 35.552165], [33.272762, 35.55301], [33.273336, 35.552461], [33.273388, 35.552393], [33.273425, 35.552908], [33.27351, 35.552895], [33.273528, 35.552562], [33.276404, 35.549697], [33.275821, 35.549844], [33.276452, 35.54965], [33.276617, 35.549218], [33.276186, 35.54925], [33.27657, 35.549197], [33.275838, 35.549304], [33.276074, 35.549043], [33.27578, 35.549117], [33.276091, 35.554957], [33.276024, 35.555229], [33.276043, 35.554347], [33.275686, 35.554459], [33.276053, 35.554574], [33.276117, 35.554916], [33.275455, 35.554719], [33.275606, 35.554962], [33.275776, 35.554827], [33.275966, 35.554617], [33.271861, 35.553793], [33.272475, 35.553491], [33.272141, 35.554123], [33.271878, 35.553628], [33.272195, 35.55365], [33.272082, 35.553409], [33.271913, 35.553726], [33.271836, 35.553732], [33.272086, 35.554073], [33.271917, 35.554213], [33.273485, 35.550159], [33.273846, 35.54978], [33.273174, 35.54989], [33.273434, 35.549876], [33.273996, 35.549867], [33.27341, 35.549895], [33.273176, 35.549829], [33.273108, 35.549892], [33.273383, 35.550231], [33.27619, 35.555548], [33.276419, 35.555754], [33.275981, 35.555313], [33.276194, 35.55489], [33.276501, 35.555553], [33.276018, 35.555549], [33.276213, 35.555564], [33.271734, 35.552359], [33.271957, 35.552487], [33.271477, 35.553117], [33.271321, 35.552155], [33.272146, 35.552576], [33.271573, 35.55268], [33.27153, 35.552234], [33.271838, 35.552878]]","[[33.285303, 35.546714], [33.285087, 35.546749], [33.285372, 35.547393], [33.285797, 35.546567], [33.285874, 35.547217], [33.285151, 35.546881], [33.285678, 35.546632], [33.286005, 35.546801], [33.284166, 35.5504], [33.2839, 35.550968], [33.284216, 35.551083], [33.28364, 35.55077], [33.283798, 35.551034], [33.283539, 35.550647], [33.284271, 35.550335], [33.283761, 35.550251], [33.284372, 35.549454], [33.284735, 35.549441], [33.284816, 35.54945], [33.284297, 35.549762], [33.284366, 35.548999], [33.284491, 35.549044], [33.285015, 35.549696], [33.285141, 35.549143], [33.284768, 35.549219], [33.284493, 35.548968], [33.284904, 35.548597], [33.285182, 35.548525], [33.285505, 35.549302], [33.285183, 35.548944], [33.284784, 35.549397], [33.285192, 35.549061], [33.284955, 35.548612], [33.285034, 35.54915], [33.28535, 35.548957], [33.284868, 35.549193]]","[33.269366, 35.539847]",friend
"[[33.275542, 35.554502], [33.27538, 35.554076], [33.27468, 35.554089], [33.274892, 35.554823], [33.27522, 35.553917], [33.274732, 35.55422], [33.275114, 35.5541], [33.278409, 35.552902], [33.278463, 35.552801], [33.278169, 35.552651], [33.278055, 35.552601], [33.278471, 35.552482], [33.278317, 35.553216], [33.273126, 35.553074], [33.273046, 35.55271], [33.273329, 35.552453], [33.273143, 35.553042], [33.272911, 35.552334], [33.272775, 35.55273], [33.273138, 35.552835], [33.276579, 35.549675], [33.275818, 35.549526], [33.275646, 35.549734], [33.276079, 35.549251], [33.276591, 35.549305], [33.276477, 35.549353], [33.275931, 35.549471], [33.276562, 35.549705], [33.275231, 35.554331], [33.275282, 35.554857], [33.275801, 35.554634], [33.275584, 35.554378], [33.275892, 35.554356], [33.27545, 35.554915], [33.276168, 35.554742], [33.275462, 35.554767], [33.275768, 35.55428], [33.271743, 35.554307], [33.271892, 35.554049], [33.272022, 35.554018], [33.271813, 35.553414], [33.272393, 35.553927], [33.272198, 35.553566], [33.271863, 35.553521], [33.271974, 35.553572], [33.271748, 35.554053], [33.271548, 35.553913], [33.272132, 35.554167], [33.271747, 35.553693], [33.275917, 35.550784], [33.275518, 35.55008], [33.275409, 35.550323], [33.275832, 35.550088], [33.275282, 35.550361], [33.275065, 35.55049], [33.275633, 35.550152], [33.27504, 35.54992], [33.275852, 35.550022], [33.27509, 35.550325], [33.276161, 35.555626], [33.275915, 35.554901], [33.276381, 35.554948], [33.275617, 35.555087], [33.275642, 35.555186], [33.275749, 35.555314], [33.275998, 35.554767], [33.27147, 35.552798], [33.272253, 35.552564], [33.271626, 35.552562], [33.271865, 35.552232], [33.271485, 35.55258], [33.271459, 35.552816], [33.271397, 35.553015]]","[[33.285197, 35.547057], [33.285681, 35.546849], [33.285836, 35.546578], [33.285243, 35.546522], [33.285202, 35.546928], [33.285159, 35.546532], [33.285694, 35.546921], [33.286033, 35.546495], [33.285716, 35.547123], [33.286, 35.546812], [33.285457, 35.546596], [33.285724, 35.547091], [33.283392, 35.550332], [33.283774, 35.550741], [33.283605, 35.551081], [33.284349, 35.55123], [33.283418, 35.551128], [33.283753, 35.550714], [33.283935, 35.550528], [33.283757, 35.550939], [33.284428, 35.549678], [33.284394, 35.549272], [33.284944, 35.549507], [33.284659, 35.549695], [33.284859, 35.549862], [33.285168, 35.549326], [33.285188, 35.548979], [33.284998, 35.548758], [33.284988, 35.548893], [33.285528, 35.549002], [33.285112, 35.548572], [33.285333, 35.548852], [33.285681, 35.548686], [33.284918, 35.548753], [33.285321, 35.549019], [33.284909, 35.548669], [33.285358, 35.548996], [33.285306, 35.548702], [33.28483, 35.549153]]","[33.261665, 35.561932]",friend
"[[33.274833, 35.554041], [33.274925, 35.554143], [33.27458, 35.554091], [33.27545, 35.554609], [33.274907, 35.554794], [33.274703, 35.554636], [33.275497, 35.553977], [33.275453, 35.554751], [33.275493, 35.5543], [33.278552, 35.552588], [33.27779, 35.552648], [33.277746, 35.552485], [33.278716, 35.552879], [33.27844, 35.55284], [33.278084, 35.553253], [33.27835, 35.552659], [33.278394, 35.552636], [33.278004, 35.553041], [33.278529, 35.552802], [33.27478, 35.552756], [33.275229, 35.552446], [33.27488, 35.552758], [33.275146, 35.552227], [33.27516, 35.553027], [33.274947, 35.552234], [33.275924, 35.549585], [33.276382, 35.549555], [33.275794, 35.549164], [33.27637, 35.549392], [33.275726, 35.549515], [33.275778, 35.549604], [33.27568, 35.549253], [33.276488, 35.549903], [33.277743, 35.554623], [33.277759, 35.554673], [33.276771, 35.55463], [33.276953, 35.554473], [33.277018, 35.55497], [33.277692, 35.554109], [33.276769, 35.554254], [33.277688, 35.554366], [33.271963, 35.554076], [33.272412, 35.5538], [33.271899, 35.55385], [33.272421, 35.553705], [33.272421, 35.554088], [33.271594, 35.553399], [33.271581, 35.553489], [33.272032, 35.554194], [33.271668, 35.554322], [33.272291, 35.553584], [33.271928, 35.554336], [33.272373, 35.554283], [33.275551, 35.550349], [33.275979, 35.550356], [33.276305, 35.550342], [33.275792, 35.550621], [33.276045, 35.550728], [33.275928, 35.550413], [33.277968, 35.555384], [33.277953, 35.555049], [33.27781, 35.554891], [33.277476, 35.555287], [33.277523, 35.55539], [33.277871, 35.55542], [33.277448, 35.555635], [33.277482, 35.555577], [33.278029, 35.555528], [33.277214, 35.555658], [33.277208, 35.555366], [33.277872, 35.55512], [33.271428, 35.552727], [33.271618, 35.552876], [33.27195, 35.553003], [33.271775, 35.55262], [33.271286, 35.552426], [33.271762, 35.552398], [33.271928, 35.552435]]","[[33.285265, 35.546968], [33.28556, 35.547361], [33.285276, 35.547349], [33.285918, 35.54671], [33.285945, 35.546823], [33.285244, 35.546829], [33.285716, 35.546614], [33.285586, 35.546922], [33.285302, 35.546704], [33.285699, 35.547282], [33.285203, 35.546706], [33.285966, 35.547028], [33.283612, 35.55117], [33.284369, 35.551003], [33.283737, 35.550382], [33.28355, 35.550908], [33.283967, 35.55083], [33.283564, 35.550297], [33.283476, 35.551062], [33.28339, 35.550638], [33.285021, 35.549197], [33.285001, 35.549586], [33.285556, 35.549655], [33.284993, 35.549924], [33.285388, 35.54936], [33.284722, 35.549738], [33.284814, 35.549908], [33.285185, 35.549125], [33.28559, 35.549037], [33.285475, 35.549149], [33.28485, 35.549376], [33.285128, 35.549082], [33.284769, 35.548728], [33.285332, 35.548836], [33.284754, 35.548782], [33.285563, 35.549416], [33.285533, 35.548721], [33.285244, 35.548712], [33.285694, 35.549413], [33.285356, 35.548504], [33.285705, 35.54942], [33.285672, 35.548629]]","[33.260812, 35.549838]",foe
"[[33.277302, 35.554596], [33.277348, 35.553916], [33.278047, 35.553873], [33.277619, 35.554562], [33.27744, 35.554467], [33.277958, 35.554479], [33.277301, 35.553849], [33.277613, 35.554751], [33.277519, 35.554408], [33.27708, 35.554812], [33.27809, 35.552671], [33.27798, 35.55293], [33.277935, 35.552883], [33.277837, 35.552541], [33.277752, 35.552795], [33.278076, 35.552903], [33.278446, 35.552505], [33.278679, 35.552957], [33.277772, 35.552902], [33.277204, 35.552117], [33.277489, 35.552686], [33.276666, 35.552384], [33.277299, 35.552143], [33.277497, 35.552516], [33.276701, 35.552616], [33.277187, 35.552798], [33.277449, 35.552256], [33.277487, 35.552615], [33.277071, 35.55239], [33.277283, 35.552601], [33.277513, 35.552418], [33.276018, 35.549175], [33.276584, 35.549397], [33.276021, 35.549091], [33.27626, 35.549797], [33.276082, 35.549638], [33.275914, 35.549117], [33.276185, 35.549238], [33.276559, 35.549383], [33.275649, 35.549407], [33.276129, 35.549602], [33.276536, 35.549208], [33.278842, 35.554361], [33.27942, 35.55467], [33.27884, 35.554126], [33.278722, 35.554191], [33.278657, 35.554807], [33.278913, 35.554221], [33.278606, 35.554611], [33.273945, 35.553416], [33.274292, 35.553569], [33.273939, 35.553924], [33.273566, 35.553719], [33.274192, 35.553669], [33.273712, 35.553922], [33.274026, 35.553547], [33.273992, 35.554162], [33.274367, 35.553436], [33.276119, 35.549804], [33.275516, 35.550511], [33.275538, 35.550526], [33.276225, 35.55072], [33.275657, 35.550474], [33.27584, 35.550312], [33.276153, 35.550353], [33.275358, 35.550726], [33.276231, 35.549801], [33.276241, 35.54995], [33.279556, 35.554988], [33.279029, 35.555206], [33.279695, 35.554886], [33.279807, 35.555305], [33.279913, 35.554793], [33.279372, 35.555551], [33.279274, 35.555327], [33.273895, 35.552476], [33.273654, 35.552156], [33.273389, 35.552208], [33.273785, 35.552829], [33.273492, 35.552907], [33.273561, 35.552632], [33.273774, 35.552237], [33.273936, 35.552733], [33.273664, 35.55237], [33.274161, 35.553026]]","[[33.285774, 35.546452], [33.285368, 35.547295], [33.285782, 35.54674], [33.285587, 35.54666], [33.285137, 35.547114], [33.285573, 35.546805], [33.285328, 35.546736], [33.284189, 35.550501], [33.284242, 35.550263], [33.283966, 35.55076], [33.284375, 35.550628], [33.283721, 35.550683], [33.283902, 35.550637], [33.283811, 35.550647], [33.283878, 35.550944], [33.284168, 35.550722], [33.284108, 35.550767], [33.285399, 35.549361], [33.28548, 35.549923], [33.286098, 35.549722], [33.285636, 35.549971], [33.285192, 35.549453], [33.285384, 35.549341], [33.285931, 35.549505], [33.285758, 35.549834], [33.285482, 35.549053], [33.285657, 35.548545], [33.284896, 35.549388], [33.285656, 35.548651], [33.28489, 35.548481], [33.284736, 35.548498], [33.28536, 35.549414], [33.285414, 35.549398], [33.285128, 35.548913]]","[33.267708, 35.544254]",friend
"[[33.279241, 35.554191], [33.279184, 35.554341], [33.279584, 35.554791], [33.279126, 35.554258], [33.27945, 35.554476], [33.278987, 35.553894], [33.27895, 35.554218], [33.278525, 35.552478], [33.277765, 35.552537], [33.278335, 35.553192], [33.278676, 35.552705], [33.278465, 35.553325], [33.278071, 35.552429], [33.278673, 35.552454], [33.278118, 35.553141], [33.277351, 35.552609], [33.277346, 35.55241], [33.276655, 35.552614], [33.277212, 35.552892], [33.276586, 35.552693], [33.277397, 35.552223], [33.276601, 35.552512], [33.277229, 35.552569], [33.276678, 35.552384], [33.276902, 35.55261], [33.276681, 35.552966], [33.277289, 35.552538], [33.276431, 35.549059], [33.276373, 35.549473], [33.276077, 35.549736], [33.276181, 35.5499], [33.276572, 35.549433], [33.276222, 35.54923], [33.276035, 35.549439], [33.276241, 35.549927], [33.275946, 35.549738], [33.275878, 35.549448], [33.27583, 35.548974], [33.278747, 35.554049], [33.278476, 35.554324], [33.278506, 35.554054], [33.279411, 35.554693], [33.278765, 35.554304], [33.278446, 35.554021], [33.278968, 35.55453], [33.279349, 35.554744], [33.278473, 35.554922], [33.278868, 35.554203], [33.275315, 35.554333], [33.275354, 35.553896], [33.276062, 35.55354], [33.27585, 35.554133], [33.275779, 35.55368], [33.275572, 35.554021], [33.27613, 35.553595], [33.275509, 35.554123], [33.275638, 35.553891], [33.276158, 35.55009], [33.275574, 35.550118], [33.275817, 35.549823], [33.275659, 35.550077], [33.276195, 35.55018], [33.275538, 35.549776], [33.275698, 35.550293], [33.27613, 35.549996], [33.281322, 35.55517], [33.281771, 35.554993], [33.281934, 35.55536], [33.281732, 35.554772], [33.282014, 35.555154], [33.281498, 35.555593], [33.281064, 35.555402], [33.281134, 35.555094], [33.281697, 35.555289], [33.281728, 35.555206], [33.281094, 35.554887], [33.281235, 35.555255], [33.275805, 35.552883], [33.275658, 35.552743], [33.276009, 35.552776], [33.275855, 35.553085], [33.275213, 35.552332], [33.275269, 35.552356], [33.27587, 35.552806], [33.275409, 35.552769]]","[[33.285561, 35.54723], [33.28544, 35.546774], [33.285428, 35.546506], [33.285391, 35.54677], [33.286024, 35.547257], [33.2852, 35.546421], [33.285877, 35.546418], [33.28529, 35.546975], [33.285816, 35.547114], [33.285504, 35.546703], [33.283693, 35.551118], [33.283926, 35.551098], [33.283913, 35.550393], [33.284303, 35.550672], [33.283696, 35.550256], [33.28433, 35.551081], [33.284264, 35.55112], [33.284185, 35.550245], [33.284066, 35.550569], [33.285744, 35.549797], [33.285704, 35.549095], [33.286062, 35.549865], [33.286077, 35.548895], [33.285997, 35.549019], [33.285859, 35.549025], [33.286113, 35.549465], [33.285849, 35.549169], [33.285852, 35.549411], [33.286359, 35.549503], [33.285526, 35.549294], [33.285524, 35.548921], [33.285299, 35.54867], [33.284611, 35.548591], [33.285329, 35.549249], [33.284721, 35.548657], [33.284863, 35.549181], [33.284534, 35.548836], [33.284928, 35.548975], [33.284574, 35.548896], [33.285062, 35.548753], [33.284406, 35.548668], [33.285288, 35.548889], [33.284587, 35.548695]]","[33.276387, 35.561234]",friend
"[[33.279329, 35.554126], [33.279096, 35.553777], [33.278846, 35.553888], [33.279222, 35.553859], [33.279236, 35.553683], [33.279487, 35.553851], [33.279108, 35.554011], [33.279074, 35.554097], [33.279229, 35.553419], [33.278895, 35.553743], [33.279581, 35.554087], [33.278289, 35.552914], [33.277867, 35.553219], [33.27833, 35.552729], [33.278256, 35.552623], [33.277882, 35.552867], [33.277965, 35.552813], [33.278351, 35.552888], [33.278549, 35.55283], [33.279852, 35.552974], [33.279928, 35.55318], [33.279295, 35.552601], [33.279595, 35.553279], [33.280006, 35.552909], [33.279282, 35.552437], [33.277772, 35.549459], [33.278552, 35.549866], [33.277707, 35.549099], [33.277917, 35.549733], [33.278292, 35.549696], [33.277836, 35.549201], [33.278444, 35.549], [33.277995, 35.549285], [33.278564, 35.549965], [33.278606, 35.554277], [33.27869, 35.554968], [33.279104, 35.554822], [33.279049, 35.554212], [33.278564, 35.55426], [33.279412, 35.554036], [33.276311, 35.553478], [33.276174, 35.553581], [33.275976, 35.553758], [33.275815, 35.553515], [33.276314, 35.553843], [33.276505, 35.553517], [33.276066, 35.553947], [33.275982, 35.553866], [33.276456, 35.55398], [33.275452, 35.549945], [33.275748, 35.549747], [33.275578, 35.55025], [33.275551, 35.549908], [33.275369, 35.549756], [33.276288, 35.550096], [33.275669, 35.550428], [33.281013, 35.555261], [33.281243, 35.554653], [33.281114, 35.554903], [33.281388, 35.554418], [33.281247, 35.554853], [33.281125, 35.554586], [33.281882, 35.554396], [33.281473, 35.555237], [33.281032, 35.554742], [33.281004, 35.555251], [33.281657, 35.554619], [33.281774, 35.554319], [33.276138, 35.553014], [33.276302, 35.553135], [33.275399, 35.552788], [33.276319, 35.552357], [33.275678, 35.552281], [33.275566, 35.553046], [33.275541, 35.553031]]","[[33.285276, 35.546717], [33.2854, 35.546664], [33.286084, 35.546711], [33.285463, 35.547506], [33.285542, 35.547585], [33.285581, 35.547189], [33.284263, 35.55067], [33.284255, 35.551067], [33.283852, 35.551101], [33.284044, 35.550534], [33.283488, 35.550909], [33.284213, 35.551014], [33.283442, 35.550878], [33.283605, 35.550334], [33.283953, 35.550991], [33.283799, 35.551156], [33.283621, 35.55123], [33.283772, 35.550915], [33.285784, 35.549161], [33.285832, 35.549663], [33.286406, 35.549156], [33.285596, 35.549579], [33.286426, 35.549343], [33.286337, 35.548877], [33.286348, 35.54899], [33.28614, 35.549651], [33.286457, 35.54953], [33.284673, 35.548951], [33.284665, 35.549086], [33.284664, 35.54856], [33.284737, 35.548986], [33.285146, 35.549146], [33.284636, 35.549305], [33.285129, 35.548737], [33.285117, 35.548762], [33.285001, 35.548436]]","[33.282114, 35.562111]",foe
"[[33.279601, 35.554218], [33.278951, 35.554142], [33.279664, 35.554063], [33.278914, 35.553982], [33.279389, 35.554088], [33.279167, 35.553509], [33.27869, 35.553002], [33.277911, 35.553323], [33.278094, 35.552669], [33.278022, 35.553322], [33.278062, 35.552979], [33.27775, 35.552425], [33.278128, 35.552495], [33.277754, 35.552773], [33.27818, 35.552582], [33.28216, 35.552908], [33.282072, 35.552564], [33.282471, 35.553162], [33.28191, 35.552295], [33.281686, 35.552399], [33.281544, 35.55322], [33.277965, 35.549429], [33.278541, 35.549855], [33.277791, 35.549197], [33.277629, 35.549176], [33.278062, 35.549618], [33.277842, 35.549278], [33.277712, 35.549881], [33.277661, 35.549698], [33.278492, 35.549822], [33.280524, 35.555087], [33.280787, 35.554581], [33.281275, 35.554972], [33.280671, 35.554763], [33.281297, 35.55461], [33.281482, 35.554948], [33.281143, 35.554532], [33.281308, 35.55428], [33.280914, 35.554417], [33.276317, 35.552642], [33.276059, 35.552919], [33.276093, 35.552805], [33.276439, 35.552937], [33.276123, 35.55257], [33.276293, 35.552546], [33.27594, 35.553247], [33.275807, 35.553248], [33.275661, 35.553176], [33.276178, 35.553325], [33.275809, 35.552925], [33.276243, 35.549743], [33.275838, 35.550691], [33.275696, 35.550128], [33.276151, 35.550318], [33.275346, 35.550037], [33.276272, 35.550168], [33.282031, 35.554662], [33.281904, 35.554244], [33.282317, 35.553886], [33.281734, 35.554272], [33.282143, 35.554424], [33.281482, 35.554547], [33.281772, 35.554366], [33.281514, 35.55391], [33.282367, 35.554444], [33.278069, 35.552664], [33.277746, 35.552925], [33.278368, 35.552376], [33.277878, 35.552923], [33.277594, 35.553], [33.278236, 35.552713], [33.278234, 35.552859], [33.277755, 35.55292], [33.277691, 35.552297], [33.278262, 35.553122], [33.278309, 35.552539], [33.277865, 35.552515]]","[[33.285747, 35.546813], [33.285597, 35.547427], [33.28532, 35.546828], [33.285737, 35.547582], [33.286139, 35.546832], [33.285883, 35.547115], [33.285577, 35.547425], [33.28561, 35.546865], [33.285308, 35.547047], [33.285949, 35.547141], [33.285784, 35.546649], [33.285637, 35.547088], [33.283624, 35.550842], [33.283364, 35.550894], [33.283688, 35.550287], [33.284266, 35.550141], [33.28354, 35.551003], [33.283462, 35.550349], [33.284186, 35.550971], [33.283987, 35.550319], [33.283593, 35.550197], [33.285712, 35.549305], [33.286044, 35.548874], [33.285898, 35.549299], [33.285656, 35.548813], [33.285672, 35.549373], [33.285842, 35.549549], [33.286295, 35.54922], [33.285847, 35.549046], [33.286078, 35.549402], [33.286318, 35.549161], [33.285554, 35.54901], [33.286284, 35.549097], [33.285017, 35.549117], [33.284597, 35.548891], [33.284546, 35.548671], [33.284971, 35.548466], [33.285316, 35.548815], [33.285311, 35.548388], [33.284591, 35.548763], [33.285285, 35.548983], [33.284488, 35.5484], [33.285273, 35.549094], [33.284733, 35.549224]]","[33.280078, 35.548475]",friend
"[[33.279756, 35.553409], [33.279609, 35.554071], [33.27945, 35.553929], [33.278838, 35.554101], [33.279339, 35.554251], [33.278987, 35.553864], [33.279553, 35.553449], [33.279335, 35.553886], [33.278808, 35.553949], [33.279383, 35.553391], [33.27918, 35.554032], [33.278834, 35.553558], [33.278622, 35.552634], [33.278057, 35.552857], [33.278366, 35.552822], [33.278634, 35.552752], [33.278306, 35.552819], [33.278103, 35.553065], [33.278523, 35.552914], [33.278623, 35.553384], [33.277769, 35.552998], [33.283906, 35.552698], [33.283896, 35.552627], [33.283413, 35.552793], [33.28329, 35.552624], [33.283841, 35.553172], [33.283834, 35.552733], [33.283754, 35.55293], [33.278083, 35.549129], [33.278092, 35.549222], [33.277739, 35.549814], [33.278587, 35.549677], [33.27801, 35.549849], [33.27782, 35.549952], [33.277691, 35.549574], [33.281222, 35.554259], [33.280921, 35.554496], [33.280837, 35.55489], [33.280859, 35.554804], [33.281308, 35.554285], [33.280521, 35.55412], [33.281133, 35.554455], [33.281431, 35.555077], [33.275485, 35.552574], [33.276453, 35.553403], [33.276193, 35.553378], [33.275543, 35.552627], [33.275732, 35.552675], [33.276214, 35.552872], [33.276361, 35.553461], [33.276085, 35.550615], [33.276113, 35.550156], [33.276161, 35.549905], [33.276132, 35.55055], [33.275672, 35.550013], [33.276022, 35.550725], [33.282246, 35.553898], [33.281809, 35.554794], [33.282403, 35.554451], [33.281818, 35.554659], [33.281542, 35.554786], [33.281728, 35.554339], [33.282374, 35.55451], [33.281667, 35.554521], [33.281497, 35.554713], [33.282406, 35.554257], [33.282339, 35.554481], [33.277505, 35.552395], [33.278325, 35.553127], [33.277968, 35.553117], [33.277499, 35.552173], [33.277492, 35.552514], [33.278091, 35.552228], [33.277816, 35.552586], [33.278258, 35.552471], [33.277881, 35.552361], [33.277887, 35.552397]]","[[33.285548, 35.546866], [33.285673, 35.54693], [33.285896, 35.546432], [33.285633, 35.54626], [33.285842, 35.546171], [33.286316, 35.546249], [33.286186, 35.547018], [33.286112, 35.546181], [33.285614, 35.546831], [33.285891, 35.546956], [33.28371, 35.550141], [33.284041, 35.550964], [33.283449, 35.550208], [33.283806, 35.550276], [33.283442, 35.550245], [33.283734, 35.550758], [33.283544, 35.550583], [33.284321, 35.550982], [33.284228, 35.550097], [33.286586, 35.549737], [33.286769, 35.549544], [33.286799, 35.549728], [33.286508, 35.549143], [33.286596, 35.549529], [33.286045, 35.549386], [33.28605, 35.549101], [33.286396, 35.549704], [33.285872, 35.549146], [33.286099, 35.548977], [33.286433, 35.549273], [33.2852, 35.548548], [33.284779, 35.548803], [33.285213, 35.548468], [33.284936, 35.549212], [33.284457, 35.549276], [33.284963, 35.54852], [33.284506, 35.548527], [33.285322, 35.548883]]","[33.285129, 35.545195]",friend
"[[33.279652, 35.553763], [33.279259, 35.553883], [33.279933, 35.553111], [33.279846, 35.553547], [33.279612, 35.553689], [33.280092, 35.553102], [33.279431, 35.553945], [33.279775, 35.553488], [33.280202, 35.553472], [33.278524, 35.552534], [33.277983, 35.553207], [33.277917, 35.553289], [33.278407, 35.552938], [33.278582, 35.552941], [33.278206, 35.553033], [33.277788, 35.553201], [33.278634, 35.552902], [33.278317, 35.552626], [33.283883, 35.553221], [33.284267, 35.5527], [33.283862, 35.552405], [33.283961, 35.552893], [33.283457, 35.553047], [33.283309, 35.552876], [33.283417, 35.553135], [33.283403, 35.552737], [33.28375, 35.552355], [33.283475, 35.552515], [33.284023, 35.552727], [33.283554, 35.552637], [33.281058, 35.549587], [33.280392, 35.549278], [33.280465, 35.549181], [33.280638, 35.549816], [33.281009, 35.549224], [33.280317, 35.54936], [33.28038, 35.549075], [33.280744, 35.549369], [33.280471, 35.549351], [33.280297, 35.54911], [33.283247, 35.55424], [33.283273, 35.554202], [33.28302, 35.554138], [33.28315, 35.554637], [33.28296, 35.555061], [33.283125, 35.554368], [33.282446, 35.5542], [33.283274, 35.554236], [33.283121, 35.554776], [33.275482, 35.553036], [33.275464, 35.552737], [33.275957, 35.553448], [33.276417, 35.553473], [33.275471, 35.553467], [33.276181, 35.552555], [33.276406, 35.5527], [33.275567, 35.552878], [33.276078, 35.552977], [33.275687, 35.552811], [33.275781, 35.549904], [33.275938, 35.550214], [33.275913, 35.550075], [33.275372, 35.550158], [33.275717, 35.550488], [33.275859, 35.550303], [33.275956, 35.550552], [33.281588, 35.554251], [33.281876, 35.554185], [33.281769, 35.553924], [33.281872, 35.554504], [33.281585, 35.554282], [33.282243, 35.55395], [33.281721, 35.554776], [33.282202, 35.55434], [33.281549, 35.554427], [33.28193, 35.553852], [33.28144, 35.554114], [33.280015, 35.552285], [33.280078, 35.552737], [33.280626, 35.552931], [33.280285, 35.552674], [33.280205, 35.552359], [33.280665, 35.552044]]","[[33.285668, 35.546394], [33.286002, 35.546601], [33.285742, 35.546572], [33.285727, 35.547073], [33.285892, 35.546971], [33.28628, 35.546645], [33.286015, 35.546909], [33.285626, 35.546173], [33.286082, 35.54617], [33.28547, 35.546463], [33.285484, 35.546365], [33.284329, 35.550663], [33.284082, 35.550216], [33.284131, 35.550369], [33.284303, 35.550143], [33.283966, 35.550911], [33.284162, 35.55094], [33.28348, 35.550328], [33.283393, 35.550679], [33.283378, 35.550607], [33.284295, 35.550571], [33.283852, 35.550086], [33.284269, 35.550964], [33.285981, 35.549265], [33.28615, 35.548995], [33.286526, 35.549305], [33.286315, 35.549553], [33.286837, 35.549635], [33.285959, 35.549643], [33.28667, 35.549785], [33.286834, 35.549261], [33.286573, 35.549002], [33.286148, 35.549559], [33.286525, 35.54978], [33.284526, 35.549055], [33.284909, 35.548846], [33.284402, 35.549001], [33.285245, 35.548688], [33.284659, 35.549241], [33.285144, 35.549016], [33.284869, 35.548996], [33.285245, 35.549306], [33.284814, 35.549306], [33.284759, 35.549204], [33.28525, 35.548886], [33.284899, 35.549265]]","[33.285089, 35.559422]",friend
"[[33.281877, 35.553344], [33.282364, 35.553976], [33.282022, 35.553627], [33.281726, 35.553258], [33.281969, 35.553165], [33.281422, 35.553999], [33.282212, 35.553817], [33.281608, 35.553693], [33.28174, 35.553501], [33.278446, 35.552434], [33.278095, 35.552204], [33.278592, 35.553057], [33.278746, 35.552909], [33.278049, 35.552519], [33.278346, 35.552873], [33.278021, 35.552254], [33.278408, 35.552852], [33.278173, 35.552127], [33.283327, 35.552699], [33.283847, 35.552449], [33.283034, 35.553184], [33.283063, 35.55241], [33.283118, 35.553149], [33.283748, 35.552359], [33.283732, 35.552937], [33.283443, 35.553126], [33.281052, 35.549652], [33.281046, 35.549907], [33.280724, 35.549867], [33.280639, 35.549597], [33.280559, 35.549424], [33.280953, 35.549958], [33.280939, 35.549068], [33.280122, 35.549531], [33.281052, 35.549662], [33.280269, 35.549511], [33.281106, 35.549471], [33.284884, 35.554174], [33.284754, 35.554817], [33.285592, 35.554786], [33.285571, 35.554562], [33.285016, 35.554157], [33.284955, 35.555087], [33.276, 35.55228], [33.276063, 35.552131], [33.276194, 35.552686], [33.275706, 35.552392], [33.276384, 35.552325], [33.276383, 35.552991], [33.276193, 35.552165], [33.275788, 35.552395], [33.275974, 35.552497], [33.276377, 35.552695], [33.276414, 35.552362], [33.276422, 35.552974], [33.276176, 35.550071], [33.275701, 35.550523], [33.27604, 35.550303], [33.275821, 35.550255], [33.276177, 35.549774], [33.275649, 35.549874], [33.276181, 35.550239], [33.275325, 35.550563], [33.275552, 35.550385], [33.276178, 35.550524], [33.281546, 35.554592], [33.281145, 35.554224], [33.281039, 35.55402], [33.281031, 35.554989], [33.281117, 35.55472], [33.281458, 35.554686], [33.281563, 35.554373], [33.281068, 35.554872], [33.280142, 35.552518], [33.280263, 35.552596], [33.279924, 35.552864], [33.280195, 35.55247], [33.280447, 35.552002], [33.280584, 35.552024], [33.280789, 35.552839], [33.280427, 35.552243], [33.280511, 35.552765]]","[[33.285722, 35.546592], [33.286061, 35.546564], [33.28564, 35.546549], [33.285678, 35.546726], [33.285795, 35.546582], [33.285381, 35.546791], [33.284001, 35.550287], [33.283726, 35.550471], [33.28414, 35.550308], [33.284268, 35.550662], [33.284137, 35.550982], [33.283943, 35.550997], [33.283681, 35.550268], [33.284088, 35.550856], [33.28591, 35.549409], [33.286369, 35.549178], [33.286139, 35.549535], [33.2865, 35.549147], [33.286101, 35.549201], [33.286275, 35.549704], [33.286533, 35.549725], [33.286118, 35.549341], [33.285078, 35.548423], [33.284828, 35.549258], [33.28454, 35.549231], [33.285105, 35.548871], [33.284413, 35.548677], [33.285193, 35.549038]]","[33.290114, 35.557638]",friend
"[[33.28419, 35.553629], [33.283435, 35.553686], [33.283564, 35.553175], [33.284302, 35.55346], [33.283679, 35.553244], [33.283645, 35.553279], [33.283749, 35.55333], [33.283954, 35.553963], [33.277988, 35.55288], [33.278517, 35.552546], [33.27814, 35.552412], [33.278661, 35.552438], [33.278182, 35.55215], [33.27843, 35.552692], [33.278798, 35.552648], [33.278773, 35.552169], [33.278073, 35.552765], [33.278506, 35.552098], [33.285217, 35.553236], [33.285638, 35.552986], [33.28554, 35.553443], [33.285371, 35.552922], [33.285744, 35.553321], [33.285528, 35.553406], [33.285187, 35.552875], [33.285703, 35.553307], [33.284881, 35.552786], [33.284903, 35.553148], [33.284941, 35.553368], [33.285626, 35.552538], [33.280808, 35.549024], [33.280377, 35.549169], [33.280287, 35.549305], [33.280867, 35.549173], [33.280157, 35.549218], [33.280482, 35.549358], [33.28051, 35.549593], [33.280601, 35.549483], [33.280325, 35.549034], [33.284739, 35.554869], [33.284969, 35.554344], [33.285048, 35.554149], [33.285539, 35.554831], [33.285186, 35.554528], [33.285013, 35.554813], [33.285575, 35.554769], [33.284868, 35.554817], [33.284863, 35.554568], [33.285029, 35.554753], [33.285027, 35.554408], [33.285128, 35.554528], [33.275661, 35.552729], [33.275792, 35.552849], [33.276485, 35.552739], [33.276293, 35.553024], [33.276187, 35.552851], [33.276189, 35.552807], [33.276634, 35.552749], [33.275828, 35.5522], [33.276343, 35.552538], [33.27615, 35.552249], [33.275768, 35.552646], [33.277961, 35.550602], [33.277947, 35.550267], [33.277463, 35.549791], [33.27741, 35.55009], [33.277934, 35.550542], [33.277643, 35.550673], [33.277273, 35.550527], [33.277688, 35.550524], [33.278053, 35.550691], [33.277503, 35.549836], [33.277709, 35.54986], [33.2812, 35.554384], [33.281073, 35.554794], [33.281284, 35.554428], [33.281205, 35.554104], [33.281432, 35.554632], [33.281702, 35.554221], [33.28277, 35.552993], [33.282318, 35.552793], [33.282834, 35.552842], [33.28296, 35.552962], [33.282477, 35.552612], [33.282287, 35.552814], [33.282428, 35.552962], [33.282394, 35.552994], [33.282542, 35.552183], [33.282592, 35.553048]]","[[33.285632, 35.546349], [33.285715, 35.546713], [33.286346, 35.546299], [33.285902, 35.546459], [33.285499, 35.546686], [33.286041, 35.546223], [33.284242, 35.550357], [33.283415, 35.55021], [33.283297, 35.55054], [33.283486, 35.550357], [33.283742, 35.550027], [33.284226, 35.550548], [33.283965, 35.550859], [33.283305, 35.550141], [33.284244, 35.550086], [33.285647, 35.54862], [33.286219, 35.549153], [33.285768, 35.549124], [33.28588, 35.549362], [33.285734, 35.549308], [33.28561, 35.549389], [33.286174, 35.548917], [33.28553, 35.549276], [33.28566, 35.548543], [33.285883, 35.548568], [33.286274, 35.549265], [33.284992, 35.549097], [33.285007, 35.54901], [33.284693, 35.548936], [33.285289, 35.548363], [33.28483, 35.549022], [33.284761, 35.549305]]","[33.278435, 35.54121]",foe
"[[33.283832, 35.55323], [33.283631, 35.553692], [33.283374, 35.553189], [33.283359, 35.553332], [33.283348, 35.553428], [33.283721, 35.553486], [33.283465, 35.553456], [33.283718, 35.554061], [33.284231, 35.554031], [33.283518, 35.553337], [33.280408, 35.552257], [33.280755, 35.553007], [33.280727, 35.552111], [33.280541, 35.552902], [33.280409, 35.55289], [33.280177, 35.552937], [33.280151, 35.552897], [33.28043, 35.552828], [33.280438, 35.552694], [33.285312, 35.552845], [33.285353, 35.552784], [33.285797, 35.552766], [33.285111, 35.553256], [33.285399, 35.552528], [33.285057, 35.552668], [33.285721, 35.553437], [33.285281, 35.553256], [33.285726, 35.553177], [33.281057, 35.549574], [33.280409, 35.549367], [33.280262, 35.549092], [33.28075, 35.549279], [33.280478, 35.549595], [33.281073, 35.549496], [33.280773, 35.549748], [33.285101, 35.55473], [33.285012, 35.554451], [33.284769, 35.554591], [33.284699, 35.554558], [33.285409, 35.554269], [33.284818, 35.554529], [33.285536, 35.5542], [33.285149, 35.554501], [33.284844, 35.554269], [33.28523, 35.554927], [33.276023, 35.552377], [33.276337, 35.551972], [33.276831, 35.552213], [33.276334, 35.551777], [33.27638, 35.552709], [33.276572, 35.551989], [33.276254, 35.552019], [33.276684, 35.551772], [33.275996, 35.552652], [33.276921, 35.552675], [33.276907, 35.552254], [33.276673, 35.551845], [33.277708, 35.550163], [33.277363, 35.550133], [33.277558, 35.549716], [33.277842, 35.549877], [33.278182, 35.550485], [33.277869, 35.550188], [33.277427, 35.550084], [33.277772, 35.549591], [33.282308, 35.554743], [33.282251, 35.554663], [33.281625, 35.554254], [33.281712, 35.555052], [33.281587, 35.554505], [33.28169, 35.554335], [33.282049, 35.55443], [33.281451, 35.554263], [33.285246, 35.552178], [33.285314, 35.552984], [33.284864, 35.552597], [33.285239, 35.552375], [33.284977, 35.553048], [33.284796, 35.552131], [33.285417, 35.552691]]","[[33.28587, 35.54691], [33.285827, 35.546678], [33.285672, 35.54688], [33.285969, 35.546021], [33.286044, 35.546672], [33.285483, 35.546571], [33.286217, 35.54694], [33.285524, 35.546012], [33.285758, 35.546861], [33.286037, 35.546204], [33.283276, 35.550072], [33.283353, 35.550598], [33.284118, 35.550733], [33.28328, 35.550436], [33.283319, 35.550108], [33.284023, 35.550565], [33.283409, 35.550189], [33.283571, 35.550759], [33.284255, 35.550392], [33.283532, 35.55062], [33.285838, 35.548607], [33.285957, 35.548636], [33.285804, 35.549462], [33.285709, 35.549378], [33.286071, 35.549056], [33.286088, 35.549008], [33.28584, 35.549332], [33.285926, 35.549035], [33.285735, 35.548632], [33.284164, 35.549153], [33.28482, 35.549133], [33.284869, 35.549259], [33.28403, 35.549395], [33.284743, 35.549104], [33.284608, 35.549191], [33.284539, 35.549325], [33.284207, 35.54937], [33.284897, 35.549582], [33.284244, 35.549388], [33.284169, 35.548682]]","[33.279753, 35.555576]",friend
"[[33.286411, 35.55365], [33.286296, 35.554015], [33.285527, 35.553705], [33.286021, 35.554024], [33.28573, 35.553966], [33.285948, 35.553785], [33.286307, 35.554051], [33.280886, 35.552303], [33.280784, 35.552464], [33.280853, 35.552098], [33.280252, 35.552844], [33.280465, 35.552218], [33.28079, 35.552715], [33.280506, 35.552661], [33.280259, 35.55221], [33.280603, 35.552582], [33.280143, 35.552171], [33.28081, 35.552846], [33.285146, 35.552261], [33.285346, 35.552909], [33.285176, 35.552536], [33.285344, 35.552295], [33.285401, 35.552882], [33.285697, 35.552446], [33.284923, 35.552968], [33.284983, 35.553171], [33.280497, 35.549656], [33.280259, 35.549208], [33.280267, 35.549875], [33.281091, 35.549702], [33.280732, 35.549179], [33.280838, 35.549634], [33.285446, 35.554713], [33.284654, 35.554653], [33.285068, 35.554508], [33.285528, 35.554346], [33.284897, 35.554837], [33.285457, 35.554275], [33.284891, 35.554414], [33.284796, 35.554775], [33.276947, 35.552109], [33.2765, 35.551888], [33.276373, 35.552295], [33.276569, 35.552191], [33.276311, 35.552281], [33.276023, 35.552406], [33.276494, 35.552047], [33.276752, 35.552101], [33.276395, 35.551776], [33.276121, 35.552246], [33.276639, 35.55245], [33.280656, 35.550069], [33.280695, 35.550036], [33.280704, 35.550085], [33.28046, 35.550074], [33.280722, 35.549701], [33.279745, 35.549609], [33.280453, 35.54975], [33.280648, 35.549646], [33.28122, 35.554651], [33.281716, 35.554431], [33.281747, 35.555225], [33.281545, 35.55509], [33.282033, 35.554609], [33.28136, 35.555217], [33.282145, 35.55468], [33.281938, 35.554866], [33.284848, 35.552972], [33.285634, 35.553193], [33.285572, 35.552877], [33.284687, 35.552324], [33.284893, 35.553024], [33.285297, 35.552383], [33.285509, 35.552955], [33.285438, 35.552653], [33.284856, 35.553242], [33.284745, 35.552763], [33.285216, 35.552709], [33.284763, 35.552638]]","[[33.286143, 35.547005], [33.285967, 35.546377], [33.286249, 35.546258], [33.28645, 35.547076], [33.286815, 35.546786], [33.286483, 35.546318], [33.286113, 35.546173], [33.286457, 35.546707], [33.28673, 35.546676], [33.286567, 35.546337], [33.286702, 35.546558], [33.283775, 35.550446], [33.283764, 35.550099], [33.284026, 35.550897], [33.28469, 35.550209], [33.284144, 35.55033], [33.283787, 35.550491], [33.284213, 35.550419], [33.284267, 35.550395], [33.284559, 35.55081], [33.284134, 35.550409], [33.284688, 35.550406], [33.28563, 35.54938], [33.285896, 35.549235], [33.28594, 35.548615], [33.285992, 35.549468], [33.286417, 35.548947], [33.28617, 35.549276], [33.28592, 35.548863], [33.286157, 35.549045], [33.286221, 35.549189], [33.285805, 35.549015], [33.285069, 35.548857], [33.284991, 35.548823], [33.285276, 35.548774], [33.285269, 35.54838], [33.285001, 35.548295], [33.284557, 35.548716], [33.285006, 35.548757], [33.285228, 35.548326], [33.284859, 35.548799], [33.2847, 35.549218], [33.284867, 35.549214]]","[33.28516, 35.550784]",foe
"[[33.286251, 35.554058], [33.286249, 35.553237], [33.286175, 35.553472], [33.285889, 35.553844], [33.285583, 35.553849], [33.285942, 35.553671], [33.285687, 35.553693], [33.286125, 35.553746], [33.286479, 35.553401], [33.285878, 35.55358], [33.28585, 35.553565], [33.286152, 35.553243], [33.280611, 35.552151], [33.280809, 35.552735], [33.280998, 35.552668], [33.280455, 35.552728], [33.281023, 35.552408], [33.280903, 35.553045], [33.280515, 35.552904], [33.280496, 35.552216], [33.284769, 35.55284], [33.284921, 35.552308], [33.285209, 35.552806], [33.285139, 35.552918], [33.28503, 35.552574], [33.285202, 35.552971], [33.285418, 35.552696], [33.285174, 35.552287], [33.285205, 35.552756], [33.282771, 35.549044], [33.282515, 35.549941], [33.282552, 35.549867], [33.28234, 35.549116], [33.282611, 35.549928], [33.282472, 35.549043], [33.282216, 35.549141], [33.282873, 35.549631], [33.283064, 35.549648], [33.28242, 35.549709], [33.284766, 35.554678], [33.285579, 35.554322], [33.28521, 35.554529], [33.285074, 35.554409], [33.285507, 35.555077], [33.284829, 35.554471], [33.285486, 35.554298], [33.284667, 35.554669], [33.284883, 35.555059], [33.285537, 35.554304], [33.276395, 35.55254], [33.275744, 35.552634], [33.276641, 35.552347], [33.275759, 35.552506], [33.276229, 35.552563], [33.276608, 35.552383], [33.275785, 35.5525], [33.276444, 35.552064], [33.2762, 35.552731], [33.276244, 35.552688], [33.275871, 35.552081], [33.280091, 35.550419], [33.280147, 35.550038], [33.280861, 35.55033], [33.280502, 35.549632], [33.280774, 35.550181], [33.279914, 35.55032], [33.281651, 35.554375], [33.281565, 35.55378], [33.281177, 35.55422], [33.281126, 35.553921], [33.281747, 35.554605], [33.281341, 35.554477], [33.281181, 35.554641], [33.281121, 35.554409], [33.28163, 35.55463], [33.28152, 35.554217], [33.285145, 35.552977], [33.285134, 35.553112], [33.28513, 35.552865], [33.284945, 35.553203], [33.284671, 35.552469], [33.285527, 35.55316], [33.284918, 35.552531], [33.284871, 35.552543], [33.284756, 35.552659], [33.285498, 35.552448]]","[[33.286531, 35.546355], [33.286705, 35.547136], [33.286058, 35.546769], [33.286259, 35.546709], [33.286563, 35.546383], [33.286181, 35.547036], [33.286, 35.546511], [33.286014, 35.546637], [33.286257, 35.546613], [33.286587, 35.546314], [33.286821, 35.546758], [33.284023, 35.551254], [33.284518, 35.550566], [33.284084, 35.55091], [33.284613, 35.550472], [33.284115, 35.551089], [33.28438, 35.551281], [33.284803, 35.551449], [33.28644, 35.548963], [33.286362, 35.549519], [33.286641, 35.548935], [33.285728, 35.549225], [33.286417, 35.548611], [33.285822, 35.549475], [33.286316, 35.549142], [33.284668, 35.549222], [33.284908, 35.548844], [33.284612, 35.549131], [33.284969, 35.549195], [33.284611, 35.54886], [33.284945, 35.548972], [33.285253, 35.548289], [33.285071, 35.548401], [33.28537, 35.549154], [33.285238, 35.549103]]","[33.286254, 35.552139]",foe
"[[33.286183, 35.553492], [33.286715, 35.553454], [33.285904, 35.55292], [33.286073, 35.552982], [33.285873, 35.55374], [33.28609, 35.552992], [33.28655, 35.553197], [33.28587, 35.553642], [33.285947, 35.553129], [33.280775, 35.552571], [33.280504, 35.552282], [33.280689, 35.55236], [33.280689, 35.552012], [33.280054, 35.552611], [33.280241, 35.552075], [33.280687, 35.552199], [33.284827, 35.55274], [33.285291, 35.552918], [33.284606, 35.552737], [33.284439, 35.552325], [33.28444, 35.552829], [33.284452, 35.552544], [33.283863, 35.549643], [33.284178, 35.549591], [33.283783, 35.549373], [33.284039, 35.549262], [33.284562, 35.549959], [33.284151, 35.549844], [33.283652, 35.549818], [33.284146, 35.549045], [33.284751, 35.554266], [33.284937, 35.554093], [33.28469, 35.554965], [33.285172, 35.554573], [33.285483, 35.554916], [33.284899, 35.554328], [33.276529, 35.55257], [33.276565, 35.551876], [33.276268, 35.552116], [33.276058, 35.552291], [33.276393, 35.552245], [33.276401, 35.552125], [33.276451, 35.552462], [33.282318, 35.550113], [33.282989, 35.549591], [33.282693, 35.549832], [33.282664, 35.550353], [33.283006, 35.550277], [33.282814, 35.549578], [33.282844, 35.550387], [33.282338, 35.550099], [33.282975, 35.549917], [33.281142, 35.554053], [33.281664, 35.554398], [33.281694, 35.553945], [33.28134, 35.553606], [33.281922, 35.553818], [33.281236, 35.554265], [33.281282, 35.554289], [33.284983, 35.553234], [33.28506, 35.55323], [33.285462, 35.552861], [33.285465, 35.553177], [33.285592, 35.552762], [33.285282, 35.552924], [33.285236, 35.553003], [33.285156, 35.552796], [33.285211, 35.552922]]","[[33.285945, 35.546982], [33.286322, 35.546888], [33.285655, 35.546723], [33.286282, 35.546357], [33.285759, 35.546961], [33.285748, 35.547032], [33.286147, 35.547113], [33.286321, 35.546936], [33.284551, 35.551429], [33.284781, 35.550906], [33.284327, 35.551013], [33.284983, 35.550623], [33.28463, 35.551097], [33.284964, 35.550743], [33.285085, 35.551222], [33.284835, 35.551171], [33.284194, 35.551334], [33.286671, 35.548784], [33.286207, 35.549344], [33.286686, 35.548981], [33.286591, 35.54935], [33.28672, 35.549652], [33.28659, 35.549057], [33.286421, 35.5487], [33.285783, 35.548874], [33.286664, 35.549053], [33.284417, 35.548313], [33.284934, 35.549061], [33.285345, 35.548711], [33.285331, 35.548518], [33.284612, 35.549195], [33.284879, 35.549133], [33.285371, 35.548413]]","[33.29005, 35.539861]",foe
"[[33.286015, 35.553102], [33.286022, 35.553363], [33.286699, 35.553382], [33.28594, 35.553164], [33.286231, 35.553155], [33.286608, 35.553303], [33.286714, 35.553246], [33.280525, 35.552549], [33.280497, 35.552148], [33.279988, 35.552034], [33.280592, 35.552182], [33.280455, 35.551871], [33.280176, 35.552165], [33.280723, 35.55268], [33.280496, 35.552701], [33.279863, 35.552463], [33.280147, 35.551955], [33.284021, 35.552992], [33.284731, 35.552435], [33.284209, 35.55253], [33.284501, 35.552228], [33.284503, 35.552785], [33.283949, 35.552112], [33.284215, 35.552519], [33.28403, 35.549273], [33.283605, 35.548963], [33.284223, 35.548994], [33.283797, 35.54895], [33.284572, 35.548733], [33.284409, 35.548984], [33.283923, 35.548598], [33.284283, 35.549242], [33.284469, 35.548789], [33.283672, 35.548636], [33.284134, 35.548867], [33.285336, 35.554296], [33.285159, 35.554662], [33.285384, 35.554884], [33.285807, 35.555089], [33.285406, 35.55505], [33.285683, 35.554925], [33.285826, 35.554786], [33.285299, 35.554349], [33.285073, 35.554879], [33.28592, 35.554488], [33.285249, 35.555139], [33.277944, 35.552106], [33.278258, 35.5523], [33.277968, 35.55232], [33.277523, 35.552794], [33.277534, 35.552465], [33.277903, 35.551965], [33.277623, 35.552546], [33.282579, 35.549358], [33.283171, 35.550162], [33.282657, 35.549384], [33.282777, 35.54944], [33.283144, 35.549736], [33.282479, 35.549555], [33.283193, 35.549234], [33.283029, 35.549365], [33.283303, 35.549765], [33.282575, 35.550176], [33.283334, 35.549546], [33.282002, 35.554212], [33.281147, 35.554306], [33.281839, 35.554287], [33.281284, 35.553834], [33.281246, 35.554282], [33.281985, 35.553984], [33.281298, 35.553739], [33.281873, 35.554377], [33.281442, 35.554301], [33.281466, 35.553634], [33.281386, 35.553592], [33.281974, 35.553719], [33.284882, 35.552661], [33.285174, 35.552406], [33.284861, 35.552275], [33.28533, 35.552799], [33.284985, 35.553075], [33.285454, 35.553067], [33.285081, 35.552629], [33.285409, 35.552851], [33.285143, 35.552524], [33.285494, 35.552631], [33.285595, 35.552473]]","[[33.285427, 35.546329], [33.285799, 35.546894], [33.285428, 35.546247], [33.285176, 35.546682], [33.285346, 35.546402], [33.285088, 35.546399], [33.28563, 35.546757], [33.285675, 35.546016], [33.285326, 35.546171], [33.285154, 35.546567], [33.285658, 35.546481], [33.285665, 35.545987], [33.28485, 35.551459], [33.284965, 35.551403], [33.284855, 35.550592], [33.284851, 35.551224], [33.284404, 35.551055], [33.284663, 35.551352], [33.284563, 35.550844], [33.284522, 35.551204], [33.284271, 35.550678], [33.28502, 35.551136], [33.284233, 35.550743], [33.284339, 35.550965], [33.28617, 35.548613], [33.286314, 35.549302], [33.285852, 35.548518], [33.286071, 35.548822], [33.28631, 35.549282], [33.286479, 35.549321], [33.286525, 35.549072], [33.285221, 35.548944], [33.285277, 35.548922], [33.285174, 35.549101], [33.284703, 35.549018], [33.284999, 35.549069], [33.284631, 35.548952], [33.285205, 35.549237], [33.284561, 35.54897], [33.284472, 35.548752]]","[33.276409, 35.544056]",foe
"[[33.286661, 35.553115], [33.286271, 35.552842], [33.286156, 35.553392], [33.286263, 35.553032], [33.286625, 35.553087], [33.286058, 35.552764], [33.285811, 35.553043], [33.286147, 35.553558], [33.28594, 35.553614], [33.282822, 35.552392], [33.282339, 35.552188], [33.282878, 35.552466], [33.282805, 35.552618], [33.282607, 35.552518], [33.283079, 35.5523], [33.282779, 35.552414], [33.283062, 35.552478], [33.286844, 35.552689], [33.286888, 35.552733], [33.286577, 35.552507], [33.287226, 35.552761], [33.286587, 35.552653], [33.287078, 35.552416], [33.284304, 35.548981], [33.284076, 35.54886], [33.28411, 35.549233], [33.283978, 35.548905], [33.284206, 35.548982], [33.284039, 35.549325], [33.284017, 35.5486], [33.284306, 35.549335], [33.283776, 35.549302], [33.285813, 35.554534], [33.285958, 35.554791], [33.285679, 35.554946], [33.285278, 35.554944], [33.285633, 35.554955], [33.285384, 35.554615], [33.285436, 35.554433], [33.285851, 35.555193], [33.285426, 35.554872], [33.285849, 35.554792], [33.285944, 35.554907], [33.285328, 35.554637], [33.277902, 35.552345], [33.278529, 35.552247], [33.277982, 35.552057], [33.278085, 35.552026], [33.278566, 35.552908], [33.278539, 35.552211], [33.278466, 35.552778], [33.283635, 35.5501], [33.283523, 35.549347], [33.282916, 35.549512], [33.282939, 35.550192], [33.282941, 35.549935], [33.283002, 35.550087], [33.283003, 35.549251], [33.283238, 35.549334], [33.282889, 35.549465], [33.283007, 35.549797], [33.283108, 35.549554], [33.28166, 35.554184], [33.28187, 35.553758], [33.281634, 35.553751], [33.281341, 35.553818], [33.281193, 35.554136], [33.281516, 35.553599], [33.281644, 35.553972], [33.281557, 35.553508], [33.281738, 35.554001], [33.281739, 35.554089], [33.284776, 35.552299], [33.285079, 35.552584], [33.285028, 35.552735], [33.284796, 35.553173], [33.285665, 35.552322], [33.284999, 35.552999], [33.285599, 35.552631], [33.284925, 35.552286]]","[[33.28486, 35.550687], [33.284557, 35.550497], [33.284166, 35.551125], [33.284347, 35.55072], [33.284855, 35.55125], [33.284376, 35.550723], [33.2846, 35.551482], [33.284664, 35.550599], [33.286215, 35.548518], [33.285769, 35.549121], [33.28602, 35.548527], [33.286534, 35.548425], [33.285779, 35.548429], [33.286395, 35.548997], [33.286, 35.548262]]","[33.286635, 35.548793]",foe
"[[33.28592, 35.553723], [33.286256, 35.553721], [33.286419, 35.55313], [33.285881, 35.55324], [33.285947, 35.553046], [33.286485, 35.552902], [33.28679, 35.553439], [33.285984, 35.553431], [33.285837, 35.553072], [33.286709, 35.552974], [33.284436, 35.552071], [33.284108, 35.551964], [33.284865, 35.552084], [33.284067, 35.552535], [33.284304, 35.552739], [33.284866, 35.552333], [33.284286, 35.552253], [33.284707, 35.552074], [33.284944, 35.552647], [33.2847, 35.552697], [33.286904, 35.552772], [33.286429, 35.552346], [33.286566, 35.552516], [33.286747, 35.552958], [33.286772, 35.552317], [33.286766, 35.552365], [33.286787, 35.552131], [33.286991, 35.553024], [33.287307, 35.552526], [33.286598, 35.552693], [33.285592, 35.549079], [33.285433, 35.549017], [33.285138, 35.548514], [33.286003, 35.548948], [33.285521, 35.549093], [33.285835, 35.548448], [33.286067, 35.549029], [33.285747, 35.548516], [33.285978, 35.549129], [33.28532, 35.548502], [33.285387, 35.554639], [33.285745, 35.555148], [33.285642, 35.554895], [33.285321, 35.555141], [33.285343, 35.554443], [33.285893, 35.554583], [33.285969, 35.554437], [33.285449, 35.554691], [33.278559, 35.552252], [33.27861, 35.552468], [33.278444, 35.552386], [33.278609, 35.553068], [33.277988, 35.552474], [33.27807, 35.552833], [33.278369, 35.552955], [33.283344, 35.549423], [33.283689, 35.54954], [33.283614, 35.550078], [33.283402, 35.549862], [33.283524, 35.549454], [33.283179, 35.550187], [33.283238, 35.54997], [33.283574, 35.549519], [33.283403, 35.549507], [33.282876, 35.549499], [33.281865, 35.554176], [33.281418, 35.55363], [33.28157, 35.554047], [33.281458, 35.553627], [33.281509, 35.554329], [33.281994, 35.553996], [33.285646, 35.553252], [33.285402, 35.553153], [33.285565, 35.552752], [33.285533, 35.553003], [33.284746, 35.552333], [33.285371, 35.552779], [33.2855, 35.552268]]","[[33.285041, 35.550811], [33.28431, 35.550931], [33.284849, 35.550571], [33.285116, 35.55099], [33.284477, 35.550549], [33.284642, 35.551346], [33.285918, 35.548789], [33.285846, 35.548963], [33.286229, 35.548383], [33.286458, 35.549018], [33.286477, 35.548375], [33.286213, 35.549193], [33.286486, 35.54855]]","[33.278885, 35.543243]",foe
"[[33.286451, 35.552848], [33.28665, 35.553597], [33.286067, 35.552823], [33.286523, 35.553598], [33.286401, 35.553176], [33.285888, 35.553247], [33.284518, 35.552616], [33.284997, 35.55281], [33.284284, 35.552185], [33.284944, 35.552687], [33.284813, 35.55266], [33.284804, 35.551839], [33.284758, 35.552267], [33.284901, 35.552504], [33.284241, 35.552418], [33.284694, 35.552212], [33.28686, 35.55216], [33.286646, 35.552451], [33.286597, 35.552714], [33.286803, 35.553002], [33.286456, 35.552811], [33.28682, 35.552299], [33.28675, 35.552426], [33.28716, 35.552703], [33.2871, 35.552534], [33.286519, 35.552747], [33.285958, 35.548411], [33.285774, 35.549213], [33.285198, 35.549168], [33.285894, 35.549182], [33.285494, 35.548828], [33.285735, 35.548987], [33.285778, 35.549096], [33.285227, 35.549157], [33.285562, 35.548798], [33.285234, 35.554757], [33.285389, 35.55519], [33.285239, 35.554932], [33.285767, 35.554764], [33.285182, 35.555004], [33.285307, 35.5545], [33.285733, 35.555119], [33.278128, 35.552767], [33.278449, 35.553002], [33.27823, 35.552188], [33.278193, 35.552493], [33.278188, 35.552253], [33.277976, 35.553062], [33.283312, 35.549635], [33.283492, 35.549967], [33.283088, 35.549715], [33.283244, 35.549915], [33.282674, 35.549303], [33.283135, 35.549711], [33.283205, 35.549521], [33.283304, 35.549573], [33.28305, 35.549995], [33.283236, 35.553416], [33.282755, 35.553926], [33.282891, 35.553596], [33.283112, 35.553563], [33.282828, 35.553684], [33.283513, 35.553886], [33.283289, 35.554229], [33.283203, 35.553408], [33.283467, 35.554176], [33.285324, 35.552397], [33.28564, 35.552306], [33.284995, 35.552371], [33.285568, 35.55311], [33.285206, 35.552666], [33.285372, 35.553021], [33.284838, 35.552827], [33.285521, 35.552279], [33.285047, 35.552292], [33.284698, 35.55231], [33.285295, 35.552743], [33.285594, 35.552423]]","[[33.284221, 35.551319], [33.284252, 35.550709], [33.284749, 35.551356], [33.284592, 35.550971], [33.284771, 35.550952], [33.284519, 35.551098], [33.284559, 35.550745], [33.284565, 35.550948], [33.284517, 35.551134], [33.284466, 35.551355], [33.285813, 35.548657], [33.286122, 35.548163], [33.285448, 35.548513], [33.285697, 35.548598], [33.285245, 35.548617], [33.285764, 35.548649], [33.285973, 35.548064], [33.285841, 35.547998], [33.285892, 35.548373]]","[33.262985, 35.5545]",friend
"[[33.285826, 35.553597], [33.286652, 35.553421], [33.285808, 35.553424], [33.286494, 35.553351], [33.286206, 35.553445], [33.286353, 35.553721], [33.286751, 35.553576], [33.285926, 35.553374], [33.286389, 35.553515], [33.286187, 35.553715], [33.286443, 35.553038], [33.285011, 35.552719], [33.285009, 35.552239], [33.284081, 35.551925], [33.28407, 35.551853], [33.284664, 35.552394], [33.284501, 35.552235], [33.287021, 35.552253], [33.286824, 35.552169], [33.286963, 35.55303], [33.286766, 35.552209], [33.286628, 35.553043], [33.286731, 35.552594], [33.287005, 35.552277], [33.286549, 35.55292], [33.286935, 35.552829], [33.287112, 35.552377], [33.286355, 35.552352], [33.286339, 35.547821], [33.285521, 35.547905], [33.285988, 35.548682], [33.286028, 35.54793], [33.286129, 35.548073], [33.286185, 35.548167], [33.28628, 35.548522], [33.286244, 35.548149], [33.286184, 35.548003], [33.286169, 35.548077], [33.286368, 35.547886], [33.286464, 35.547888], [33.285684, 35.554532], [33.285127, 35.55439], [33.285426, 35.554446], [33.285752, 35.554465], [33.285636, 35.55427], [33.285306, 35.55525], [33.278149, 35.552189], [33.278353, 35.552772], [33.278601, 35.552764], [33.278239, 35.552896], [33.278363, 35.552757], [33.278557, 35.552531], [33.278092, 35.552959], [33.278355, 35.552632], [33.282607, 35.549879], [33.28286, 35.549804], [33.282843, 35.549507], [33.283424, 35.549239], [33.283141, 35.549723], [33.283266, 35.549792], [33.283455, 35.549793], [33.282761, 35.554246], [33.282661, 35.553887], [33.282922, 35.554192], [33.28271, 35.55371], [33.282347, 35.554106], [33.282846, 35.553578], [33.282724, 35.553839], [33.283147, 35.554169], [33.282439, 35.554098], [33.286005, 35.552976], [33.285344, 35.55275], [33.28589, 35.553], [33.285918, 35.553217], [33.285935, 35.552387], [33.285448, 35.552764]]","[[33.284743, 35.550928], [33.284598, 35.551124], [33.284751, 35.550732], [33.284626, 35.551133], [33.284461, 35.550828], [33.284712, 35.550938], [33.284417, 35.550714], [33.285265, 35.548285], [33.285928, 35.548318], [33.285678, 35.548536], [33.286239, 35.547868], [33.285292, 35.548492], [33.285782, 35.54802], [33.285242, 35.548611], [33.286169, 35.548734], [33.285252, 35.548356], [33.286119, 35.547813], [33.285568, 35.54847], [33.285555, 35.548226]]","[33.28924, 35.545177]",foe
"[[33.286325, 35.552924], [33.286517, 35.553519], [33.286469, 35.553714], [33.286681, 35.553653], [33.286628, 35.552806], [33.286458, 35.552919], [33.285999, 35.552945], [33.286116, 35.552897], [33.286761, 35.55347], [33.286774, 35.553553], [33.28593, 35.553539], [33.284029, 35.552215], [33.283901, 35.55174], [33.284288, 35.551394], [33.283954, 35.551928], [33.283635, 35.55171], [33.283738, 35.552233], [33.283902, 35.551362], [33.28406, 35.552086], [33.283637, 35.552181], [33.2842, 35.551851], [33.284048, 35.552072], [33.284311, 35.551992], [33.287252, 35.552082], [33.286679, 35.553068], [33.287206, 35.552664], [33.287242, 35.552484], [33.286898, 35.552093], [33.28679, 35.552261], [33.286411, 35.552611], [33.28653, 35.552986], [33.286804, 35.552657], [33.286775, 35.552709], [33.28719, 35.553057], [33.287154, 35.552086], [33.286279, 35.548454], [33.286028, 35.547789], [33.286253, 35.548738], [33.286297, 35.548233], [33.28602, 35.548382], [33.285964, 35.548118], [33.285556, 35.547904], [33.285532, 35.54788], [33.286447, 35.547958], [33.286289, 35.547992], [33.285916, 35.55448], [33.285818, 35.554453], [33.285218, 35.554995], [33.285529, 35.554764], [33.285511, 35.554908], [33.285158, 35.554944], [33.285282, 35.555221], [33.285891, 35.554329], [33.279502, 35.553044], [33.279367, 35.552907], [33.279486, 35.552215], [33.280239, 35.552231], [33.279963, 35.552923], [33.279899, 35.553042], [33.280267, 35.552149], [33.279451, 35.55312], [33.28031, 35.552191], [33.279966, 35.55243], [33.279903, 35.552557], [33.27978, 35.552834], [33.282946, 35.549341], [33.282927, 35.550049], [33.283099, 35.549259], [33.283048, 35.550138], [33.28306, 35.550194], [33.283104, 35.549567], [33.283562, 35.549767], [33.282875, 35.54992], [33.282966, 35.549579], [33.283387, 35.549988], [33.283135, 35.549944], [33.282788, 35.55014], [33.282864, 35.553443], [33.282893, 35.5543], [33.28286, 35.553558], [33.282922, 35.553952], [33.283238, 35.553513], [33.28272, 35.553501], [33.283215, 35.553707], [33.282583, 35.553986], [33.282913, 35.553805], [33.282985, 35.55351], [33.282791, 35.553909], [33.28291, 35.553645], [33.285663, 35.55269], [33.285189, 35.55278], [33.28601, 35.552612], [33.285654, 35.553065], [33.285892, 35.552582], [33.285129, 35.552518], [33.28518, 35.55277]]","[[33.284759, 35.550951], [33.284473, 35.550918], [33.284575, 35.550941], [33.28514, 35.551152], [33.285128, 35.550688], [33.284675, 35.550425], [33.284976, 35.550637]]","[33.269021, 35.548592]",foe
"[[33.286371, 35.55338], [33.285787, 35.553228], [33.285899, 35.553558], [33.28613, 35.553388], [33.286607, 35.553144], [33.286222, 35.553503], [33.286006, 35.553294], [33.286211, 35.552668], [33.286533, 35.553562], [33.28457, 35.551571], [33.284042, 35.551353], [33.284145, 35.552004], [33.284192, 35.551627], [33.284305, 35.551668], [33.283993, 35.551418], [33.28411, 35.55183], [33.28459, 35.551715], [33.284635, 35.55207], [33.287269, 35.55266], [33.28731, 35.552181], [33.287115, 35.552952], [33.286562, 35.552345], [33.286976, 35.553005], [33.286674, 35.552427], [33.286674, 35.552572], [33.28661, 35.553015], [33.286842, 35.552722], [33.286367, 35.552554], [33.286151, 35.547614], [33.286266, 35.548082], [33.285753, 35.548282], [33.286464, 35.547707], [33.286471, 35.547805], [33.286645, 35.547535], [33.285728, 35.547551], [33.285758, 35.54794], [33.285541, 35.554514], [33.285449, 35.554347], [33.286063, 35.554455], [33.286041, 35.554836], [33.285463, 35.554281], [33.285151, 35.55455], [33.285558, 35.554447], [33.285528, 35.554956], [33.285724, 35.554911], [33.279511, 35.553031], [33.279642, 35.552132], [33.279972, 35.553005], [33.280317, 35.553085], [33.280117, 35.553073], [33.280254, 35.552764], [33.279683, 35.552355], [33.279506, 35.552333], [33.279939, 35.553062], [33.280239, 35.552618], [33.279569, 35.552199], [33.279628, 35.552714], [33.282974, 35.549432], [33.283357, 35.549196], [33.28303, 35.549508], [33.283034, 35.549202], [33.283406, 35.550035], [33.283308, 35.550053], [33.283281, 35.554224], [33.282431, 35.554097], [33.283131, 35.553892], [33.282936, 35.553461], [33.283292, 35.553793], [33.2824, 35.55385], [33.282489, 35.553707], [33.283029, 35.554028], [33.282638, 35.553396], [33.28538, 35.552619], [33.285321, 35.552674], [33.285169, 35.553095], [33.28593, 35.552495], [33.285375, 35.553226], [33.28517, 35.552689]]","[[33.285197, 35.550809], [33.284844, 35.550446], [33.284857, 35.550633], [33.285264, 35.550251], [33.285237, 35.550932], [33.284554, 35.55068], [33.285027, 35.550517], [33.284982, 35.550313], [33.28514, 35.550538]]","[33.261593, 35.545883]",friend
"[[33.285786, 35.552668], [33.286463, 35.55296], [33.286193, 35.553368], [33.285972, 35.552709], [33.285961, 35.55268], [33.285855, 35.553094], [33.285961, 35.553433], [33.28402, 35.551987], [33.284545, 35.551859], [33.284149, 35.551375], [33.284473, 35.551423], [33.284171, 35.551627], [33.284705, 35.551552], [33.284766, 35.551487], [33.286461, 35.552809], [33.286535, 35.552527], [33.287003, 35.552945], [33.286697, 35.552676], [33.286986, 35.552633], [33.286486, 35.552699], [33.286278, 35.548298], [33.28603, 35.548088], [33.28631, 35.548135], [33.286339, 35.547767], [33.285963, 35.548538], [33.286334, 35.547989], [33.286209, 35.548302], [33.286582, 35.548573], [33.285779, 35.555233], [33.285669, 35.555092], [33.285351, 35.554427], [33.285284, 35.554433], [33.285192, 35.555164], [33.285631, 35.555053], [33.285984, 35.554425], [33.285965, 35.555244], [33.286023, 35.555199], [33.280214, 35.552856], [33.279978, 35.553068], [33.280094, 35.552328], [33.280071, 35.552496], [33.280267, 35.552592], [33.279531, 35.552843], [33.279866, 35.552164], [33.279916, 35.552867], [33.280322, 35.552254], [33.283006, 35.54955], [33.283604, 35.54972], [33.282681, 35.549408], [33.282687, 35.550024], [33.282734, 35.550024], [33.282871, 35.549314], [33.283584, 35.549802], [33.282709, 35.549465], [33.282771, 35.549373], [33.282776, 35.549746], [33.282329, 35.55352], [33.282911, 35.553507], [33.283229, 35.553642], [33.282456, 35.553338], [33.282435, 35.553758], [33.283231, 35.554222], [33.28265, 35.55374], [33.282478, 35.553341], [33.282452, 35.554181], [33.283144, 35.553412], [33.28576, 35.552467], [33.285608, 35.553193], [33.285509, 35.552859], [33.285326, 35.552562], [33.285665, 35.552728], [33.28552, 35.553044], [33.285336, 35.552512], [33.285302, 35.553234], [33.286047, 35.552426], [33.285516, 35.553078], [33.285733, 35.552397], [33.286024, 35.552793]]","[[33.285046, 35.550275], [33.284674, 35.550458], [33.284839, 35.550517], [33.285222, 35.550861], [33.284858, 35.550514], [33.285235, 35.550563], [33.284823, 35.550422]]","[33.278864, 35.543517]",foe
"[[33.2865, 35.55274], [33.285684, 35.553451], [33.28585, 35.553179], [33.286445, 35.553348], [33.286241, 35.553423], [33.286176, 35.552954], [33.286391, 35.551549], [33.286591, 35.551671], [33.285835, 35.551065], [33.286573, 35.551727], [33.286468, 35.551169], [33.286232, 35.551146], [33.285765, 35.551444], [33.286822, 35.553033], [33.287013, 35.552956], [33.287607, 35.552716], [33.287096, 35.552977], [33.287119, 35.553175], [33.28717, 35.552752], [33.286101, 35.548155], [33.285972, 35.548575], [33.286337, 35.548309], [33.286303, 35.548393], [33.285708, 35.548342], [33.285878, 35.547672], [33.28512, 35.554428], [33.285713, 35.553961], [33.285028, 35.55436], [33.28532, 35.554535], [33.285615, 35.554347], [33.285589, 35.554382], [33.285221, 35.554915], [33.285038, 35.554252], [33.284832, 35.554108], [33.279402, 35.552865], [33.280292, 35.553024], [33.280003, 35.553082], [33.279445, 35.552645], [33.279818, 35.552266], [33.280279, 35.553087], [33.279876, 35.552305], [33.280099, 35.553074], [33.279985, 35.553009], [33.27997, 35.552672], [33.283589, 35.54972], [33.283048, 35.549222], [33.283324, 35.54962], [33.283285, 35.549265], [33.283366, 35.549689], [33.283199, 35.549197], [33.28345, 35.549362], [33.282863, 35.550024], [33.283326, 35.549371], [33.282764, 35.549886], [33.283149, 35.549755], [33.282864, 35.55371], [33.283085, 35.553968], [33.283193, 35.554035], [33.283229, 35.554176], [33.282315, 35.554201], [33.282544, 35.553593], [33.283057, 35.553535], [33.28274, 35.553613], [33.282695, 35.554112], [33.282469, 35.554095], [33.28538, 35.553142], [33.285801, 35.552995], [33.285645, 35.553139], [33.285857, 35.553243], [33.285393, 35.552343], [33.285981, 35.552602], [33.285991, 35.552646], [33.286082, 35.552988]]","[[33.28499, 35.55058], [33.284812, 35.550331], [33.28432, 35.550387], [33.284919, 35.550188], [33.285146, 35.550436], [33.284915, 35.550412], [33.284597, 35.550318], [33.284301, 35.550717], [33.285071, 35.550212], [33.284462, 35.550757]]","[33.280658, 35.546627]",foe
"[[33.286523, 35.55318], [33.285869, 35.553058], [33.286439, 35.553011], [33.286518, 35.553231], [33.286356, 35.553262], [33.2858, 35.553059], [33.28607, 35.552678], [33.285983, 35.553099], [33.285727, 35.551806], [33.285734, 35.551668], [33.286283, 35.551081], [33.286172, 35.551382], [33.285785, 35.551815], [33.285952, 35.551552], [33.286035, 35.551893], [33.286245, 35.551367], [33.286232, 35.550988], [33.285835, 35.551653], [33.286428, 35.551801], [33.28663, 35.551784], [33.286848, 35.553111], [33.286846, 35.552884], [33.286797, 35.55288], [33.287016, 35.552487], [33.28697, 35.552607], [33.287462, 35.552426], [33.286859, 35.552867], [33.286872, 35.552573], [33.286929, 35.552523], [33.287567, 35.552369], [33.287584, 35.553008], [33.286977, 35.552914], [33.286561, 35.548453], [33.285733, 35.548178], [33.2866, 35.547716], [33.286017, 35.548393], [33.286464, 35.547885], [33.285727, 35.548053], [33.285911, 35.547843], [33.286543, 35.548435], [33.285397, 35.553999], [33.285061, 35.554082], [33.284924, 35.554354], [33.285629, 35.554815], [33.284836, 35.554722], [33.285027, 35.554058], [33.285184, 35.554726], [33.285614, 35.554899], [33.285145, 35.554892], [33.285505, 35.554194], [33.28569, 35.554233], [33.279475, 35.552167], [33.280131, 35.553122], [33.279369, 35.552827], [33.280005, 35.553059], [33.280122, 35.552756], [33.279632, 35.552272], [33.279739, 35.552279], [33.279735, 35.55299], [33.279709, 35.552596], [33.280019, 35.553076], [33.282773, 35.54982], [33.283347, 35.549676], [33.282791, 35.549314], [33.283584, 35.549558], [33.283468, 35.549835], [33.283257, 35.550161], [33.283466, 35.549749], [33.283064, 35.549893], [33.284842, 35.553505], [33.284798, 35.55389], [33.284771, 35.553879], [33.285095, 35.554108], [33.284305, 35.553319], [33.285036, 35.553901], [33.284808, 35.553896], [33.284514, 35.553895], [33.28514, 35.552432], [33.28561, 35.553202], [33.285112, 35.552432], [33.285655, 35.552594], [33.28526, 35.552503], [33.285307, 35.552752], [33.28598, 35.553156], [33.285745, 35.552411], [33.285329, 35.552645]]","[[33.284491, 35.550425], [33.284673, 35.551024], [33.284448, 35.550453], [33.284805, 35.550589], [33.284643, 35.55079], [33.285189, 35.550606], [33.284799, 35.550753]]","[33.280482, 35.556378]",friend
"[[33.286199, 35.553], [33.285651, 35.552472], [33.285928, 35.552634], [33.285727, 35.553211], [33.286137, 35.553366], [33.286216, 35.552838], [33.28615, 35.551843], [33.28629, 35.551887], [33.285866, 35.551701], [33.286597, 35.551142], [33.286313, 35.551377], [33.286155, 35.551478], [33.286618, 35.551609], [33.286434, 35.551195], [33.287989, 35.553014], [33.288014, 35.552686], [33.287675, 35.552395], [33.287762, 35.55237], [33.287171, 35.553338], [33.287375, 35.553093], [33.287225, 35.552684], [33.287177, 35.552807], [33.28798, 35.552622], [33.287182, 35.552373], [33.287412, 35.552876], [33.287685, 35.552801], [33.286527, 35.547835], [33.286599, 35.547642], [33.285611, 35.547718], [33.285808, 35.548525], [33.286059, 35.548199], [33.286458, 35.547819], [33.285994, 35.547763], [33.286217, 35.548151], [33.285983, 35.553838], [33.285483, 35.554046], [33.285642, 35.553823], [33.285333, 35.553885], [33.285443, 35.553774], [33.285499, 35.55392], [33.285221, 35.554154], [33.285024, 35.554341], [33.285481, 35.553574], [33.280261, 35.552607], [33.279436, 35.552809], [33.279631, 35.552979], [33.279498, 35.552356], [33.279561, 35.552843], [33.279763, 35.552246], [33.279923, 35.553005], [33.279532, 35.55285], [33.279549, 35.552735], [33.279559, 35.552397], [33.279574, 35.552241], [33.285261, 35.549349], [33.285037, 35.5501], [33.28466, 35.549296], [33.285391, 35.549465], [33.285545, 35.549554], [33.284851, 35.550107], [33.285117, 35.549722], [33.284937, 35.549377], [33.284842, 35.550121], [33.284979, 35.549424], [33.284452, 35.554], [33.285079, 35.55374], [33.284905, 35.554091], [33.284585, 35.553857], [33.284266, 35.553574], [33.28443, 35.553878], [33.284383, 35.553521], [33.284674, 35.553568], [33.28514, 35.553475], [33.284755, 35.553953], [33.28485, 35.554078], [33.28521, 35.553411], [33.285015, 35.553093], [33.285355, 35.552884], [33.285271, 35.552891], [33.284626, 35.553022], [33.285567, 35.552818], [33.285585, 35.553224], [33.284917, 35.553412], [33.285068, 35.553286], [33.284794, 35.552941]]","[[33.284319, 35.550425], [33.284938, 35.550503], [33.285096, 35.550715], [33.285125, 35.551108], [33.284879, 35.550515], [33.284965, 35.550851], [33.285002, 35.550387]]","[33.271046, 35.546794]",friend
"[[33.285808, 35.552518], [33.286098, 35.55296], [33.285836, 35.552624], [33.28635, 35.552658], [33.28556, 35.552601], [33.285821, 35.553364], [33.286061, 35.553015], [33.285708, 35.552419], [33.286205, 35.552572], [33.286309, 35.553194], [33.286478, 35.551313], [33.285727, 35.551813], [33.285819, 35.551686], [33.285742, 35.551077], [33.285784, 35.551131], [33.285794, 35.551372], [33.286335, 35.551193], [33.28577, 35.551562], [33.285913, 35.551118], [33.285816, 35.551485], [33.287849, 35.553263], [33.287341, 35.552772], [33.287267, 35.553127], [33.287234, 35.553074], [33.287796, 35.552486], [33.287737, 35.552938], [33.288022, 35.552804], [33.287832, 35.552875], [33.287705, 35.552912], [33.287248, 35.552873], [33.287491, 35.55243], [33.287573, 35.552625], [33.28612, 35.548491], [33.285866, 35.548439], [33.285913, 35.547813], [33.286084, 35.547993], [33.286396, 35.547933], [33.286184, 35.548105], [33.286277, 35.547752], [33.28591, 35.55398], [33.285702, 35.554108], [33.286056, 35.553463], [33.286185, 35.553786], [33.2854, 35.554358], [33.286099, 35.553657], [33.283193, 35.55212], [33.282271, 35.5525], [33.283033, 35.552051], [33.282674, 35.552037], [33.283071, 35.551863], [33.282875, 35.551741], [33.282646, 35.551902], [33.282299, 35.551825], [33.282241, 35.551974], [33.282654, 35.551931], [33.285654, 35.549858], [33.284836, 35.549432], [33.284664, 35.549403], [33.284698, 35.549493], [33.284941, 35.549964], [33.28546, 35.550212], [33.28524, 35.549551], [33.285428, 35.550303], [33.285513, 35.549659], [33.284817, 35.554236], [33.285016, 35.554237], [33.284566, 35.554052], [33.284919, 35.553971], [33.284389, 35.553561], [33.285123, 35.553763], [33.284882, 35.553601], [33.28482, 35.554062], [33.284525, 35.553385], [33.285136, 35.554247], [33.284682, 35.552915], [33.285205, 35.552671], [33.285428, 35.552742], [33.285491, 35.552799], [33.285224, 35.553444], [33.285162, 35.552646], [33.28506, 35.552831], [33.28522, 35.553226], [33.285014, 35.553076]]","[[33.284522, 35.550346], [33.284458, 35.551123], [33.284973, 35.550627], [33.284945, 35.5507], [33.284827, 35.55066], [33.284427, 35.551113], [33.285137, 35.551031], [33.284385, 35.550264], [33.284523, 35.550675], [33.284561, 35.550991], [33.285223, 35.550217]]","[33.276091, 35.55579]",foe
"[[33.286031, 35.553363], [33.28591, 35.552561], [33.285636, 35.552751], [33.28534, 35.5528], [33.285306, 35.553174], [33.286073, 35.552892], [33.285951, 35.552563], [33.285661, 35.553334], [33.285929, 35.553324], [33.286099, 35.552558], [33.285649, 35.553445], [33.286157, 35.551709], [33.285925, 35.551026], [33.286033, 35.551305], [33.286417, 35.551911], [33.285915, 35.551148], [33.286548, 35.551761], [33.286268, 35.551826], [33.286198, 35.55139], [33.2873, 35.552983], [33.287772, 35.552948], [33.287833, 35.55259], [33.287412, 35.552989], [33.287411, 35.553296], [33.287928, 35.552616], [33.287372, 35.552407], [33.286023, 35.547888], [33.286338, 35.547744], [33.285916, 35.547925], [33.286222, 35.548516], [33.286296, 35.547863], [33.286217, 35.547613], [33.285848, 35.547688], [33.285724, 35.554155], [33.286361, 35.553637], [33.286135, 35.553478], [33.285835, 35.554276], [33.285596, 35.553457], [33.286162, 35.553976], [33.285702, 35.554139], [33.285793, 35.554234], [33.286161, 35.553793], [33.286063, 35.554182], [33.283146, 35.552604], [33.282674, 35.552283], [33.282919, 35.551908], [33.282444, 35.552635], [33.282524, 35.552261], [33.282254, 35.552521], [33.283081, 35.552069], [33.283057, 35.55263], [33.282617, 35.552074], [33.282773, 35.551946], [33.282656, 35.551973], [33.282942, 35.552269], [33.285261, 35.549924], [33.28513, 35.549877], [33.285444, 35.549775], [33.285447, 35.549725], [33.285495, 35.549458], [33.284991, 35.550065], [33.28545, 35.549791], [33.284883, 35.549627], [33.285281, 35.549802], [33.285102, 35.550322], [33.285392, 35.549757], [33.285061, 35.549458], [33.284421, 35.553579], [33.284462, 35.553882], [33.28483, 35.554178], [33.284487, 35.553921], [33.285024, 35.553866], [33.284931, 35.554148], [33.284524, 35.55367], [33.284226, 35.55346], [33.285037, 35.553446], [33.284913, 35.552897], [33.284894, 35.55314], [33.285271, 35.552718], [33.285089, 35.553166], [33.284744, 35.553236], [33.285107, 35.552916], [33.285395, 35.552637], [33.284804, 35.553135], [33.285337, 35.552891], [33.284606, 35.552995], [33.284935, 35.55291]]",[],"[33.280216, 35.544414]",friend
"[[33.285927, 35.553404], [33.285341, 35.55345], [33.286093, 35.552849], [33.285767, 35.552721], [33.285916, 35.55312], [33.285405, 35.553228], [33.286073, 35.553041], [33.285387, 35.552547], [33.285794, 35.55123], [33.286595, 35.551499], [33.285752, 35.55151], [33.285781, 35.551408], [33.286307, 35.551672], [33.285781, 35.551599], [33.286665, 35.551429], [33.2874, 35.553142], [33.287483, 35.552836], [33.287443, 35.553091], [33.288129, 35.552353], [33.288086, 35.553219], [33.287561, 35.553258], [33.288012, 35.552663], [33.28765, 35.552864], [33.287262, 35.55278], [33.285902, 35.547856], [33.285836, 35.547616], [33.28584, 35.547675], [33.285877, 35.548205], [33.285961, 35.548572], [33.285692, 35.54842], [33.286593, 35.547899], [33.28588, 35.553587], [33.286189, 35.553624], [33.285835, 35.554076], [33.285577, 35.553914], [33.285884, 35.553916], [33.285882, 35.553757], [33.284554, 35.552719], [33.284989, 35.552388], [33.284865, 35.552425], [33.284265, 35.552141], [33.284516, 35.552477], [33.284497, 35.55219], [33.284438, 35.551984], [33.284944, 35.552072], [33.285112, 35.552212], [33.284837, 35.550353], [33.285503, 35.550008], [33.285374, 35.549971], [33.285556, 35.550184], [33.284976, 35.550089], [33.285515, 35.549919], [33.285482, 35.549685], [33.284743, 35.549877], [33.285592, 35.549583], [33.284844, 35.549915], [33.285192, 35.549728], [33.285122, 35.550184], [33.284334, 35.553301], [33.284388, 35.554123], [33.285132, 35.553427], [33.284719, 35.553493], [33.284693, 35.553588], [33.284643, 35.553802], [33.285032, 35.554195], [33.285553, 35.55293], [33.28534, 35.552977], [33.284861, 35.552853], [33.284694, 35.553411], [33.285191, 35.55271], [33.284662, 35.552736], [33.285251, 35.552962], [33.285078, 35.552514], [33.284815, 35.552925], [33.285206, 35.552938], [33.285159, 35.552608], [33.285092, 35.553387]]",[],"[33.265395, 35.554952]",friend
"[[33.286072, 35.552513], [33.285614, 35.553182], [33.285632, 35.552752], [33.285597, 35.553034], [33.286106, 35.552526], [33.28577, 35.552499], [33.286126, 35.55299], [33.28591, 35.551679], [33.286323, 35.551214], [33.286448, 35.551068], [33.286345, 35.551771], [33.286025, 35.551481], [33.285735, 35.551504], [33.286022, 35.55164], [33.285861, 35.551662], [33.285995, 35.551162], [33.286011, 35.551152], [33.287149, 35.553158], [33.287528, 35.55252], [33.287047, 35.553276], [33.286938, 35.552724], [33.286791, 35.55343], [33.287696, 35.552777], [33.286573, 35.548449], [33.286651, 35.547971], [33.286847, 35.548466], [33.286773, 35.548454], [33.28634, 35.548527], [33.286375, 35.54857], [33.286741, 35.547847], [33.286383, 35.548243], [33.286285, 35.548199], [33.286921, 35.54865], [33.286079, 35.548057], [33.286861, 35.548184], [33.285975, 35.554066], [33.285454, 35.553989], [33.285402, 35.553396], [33.285923, 35.553949], [33.286157, 35.553867], [33.286141, 35.553422], [33.285188, 35.551959], [33.285121, 35.551742], [33.284297, 35.552252], [33.284349, 35.552734], [33.284664, 35.552246], [33.284331, 35.552037], [33.28513, 35.552249], [33.284431, 35.552583], [33.284218, 35.551783], [33.284361, 35.551863], [33.285529, 35.55015], [33.285223, 35.550155], [33.284867, 35.549495], [33.285577, 35.549968], [33.285526, 35.550332], [33.284788, 35.550286], [33.28536, 35.549462], [33.284799, 35.550114], [33.285073, 35.549395], [33.286846, 35.55383], [33.287267, 35.553716], [33.286919, 35.553811], [33.286707, 35.553036], [33.287194, 35.552924], [33.286633, 35.553815], [33.286594, 35.553664], [33.286752, 35.553713], [33.286983, 35.553664], [33.287046, 35.553577], [33.287104, 35.55313], [33.285477, 35.552924], [33.284814, 35.553304], [33.284638, 35.553429], [33.284802, 35.552741], [33.285337, 35.553418], [33.284892, 35.552546], [33.285108, 35.553104], [33.284884, 35.552754], [33.285238, 35.552914], [33.285483, 35.553316], [33.284986, 35.552916], [33.284781, 35.553214]]",[],"[33.26866, 35.544612]",friend
"[[33.285884, 35.553304], [33.286032, 35.553407], [33.285834, 35.552666], [33.285829, 35.553055], [33.285645, 35.553032], [33.285921, 35.552708], [33.285419, 35.553178], [33.285211, 35.553251], [33.285612, 35.552833], [33.286192, 35.551735], [33.286078, 35.551558], [33.286006, 35.550981], [33.285859, 35.551778], [33.285766, 35.55165], [33.286443, 35.55147], [33.286202, 35.551635], [33.286195, 35.551392], [33.286667, 35.550988], [33.286005, 35.55122], [33.286409, 35.551614], [33.287247, 35.553421], [33.287586, 35.552949], [33.287487, 35.553428], [33.287482, 35.553437], [33.28743, 35.552566], [33.286855, 35.552525], [33.287029, 35.552469], [33.286933, 35.553167], [33.287193, 35.55295], [33.286902, 35.548225], [33.286874, 35.548675], [33.286739, 35.548241], [33.286838, 35.548741], [33.286804, 35.547919], [33.286335, 35.548666], [33.286016, 35.553445], [33.286156, 35.553671], [33.286325, 35.553675], [33.286224, 35.554319], [33.28615, 35.553605], [33.285891, 35.55368], [33.285914, 35.554007], [33.286165, 35.554137], [33.286352, 35.554003], [33.28599, 35.554236], [33.284257, 35.552243], [33.284511, 35.552676], [33.284997, 35.551996], [33.284606, 35.5525], [33.284844, 35.552275], [33.284415, 35.552407], [33.285088, 35.551813], [33.284827, 35.549976], [33.285485, 35.550296], [33.284727, 35.549819], [33.284904, 35.55016], [33.285567, 35.550233], [33.285168, 35.549711], [33.285378, 35.549917], [33.285389, 35.549824], [33.286857, 35.553783], [33.286934, 35.553377], [33.286952, 35.553652], [33.286988, 35.553308], [33.286734, 35.553651], [33.286493, 35.553704], [33.287041, 35.553436], [33.286857, 35.553263], [33.284973, 35.553392], [33.285145, 35.552654], [33.285195, 35.552542], [33.284622, 35.553044], [33.2848, 35.553261], [33.284913, 35.553146], [33.284765, 35.552478], [33.284765, 35.552852]]",[],"[33.26402, 35.542853]",friend
"[[33.285795, 35.552508], [33.285475, 35.552839], [33.285903, 35.552824], [33.285649, 35.552728], [33.28592, 35.553349], [33.285353, 35.553022], [33.286751, 35.551623], [33.286516, 35.551336], [33.286165, 35.551094], [33.286567, 35.551541], [33.28641, 35.551035], [33.28599, 35.55101], [33.287087, 35.552084], [33.287583, 35.552254], [33.287061, 35.552315], [33.287447, 35.552578], [33.287531, 35.552836], [33.287649, 35.552925], [33.286747, 35.552325], [33.287368, 35.552818], [33.286734, 35.552393], [33.287362, 35.552522], [33.287357, 35.552492], [33.287576, 35.552099], [33.287043, 35.548421], [33.287043, 35.548022], [33.286593, 35.548157], [33.286245, 35.548189], [33.286228, 35.548171], [33.286628, 35.548259], [33.286344, 35.547663], [33.286196, 35.548335], [33.285635, 35.553582], [33.285867, 35.554031], [33.285521, 35.553556], [33.286272, 35.554346], [33.285701, 35.553434], [33.286367, 35.554014], [33.286119, 35.553783], [33.28545, 35.554149], [33.285423, 35.554104], [33.286175, 35.554121], [33.2856, 35.553865], [33.284417, 35.552269], [33.284609, 35.552264], [33.284903, 35.552345], [33.285029, 35.55188], [33.284256, 35.55211], [33.284241, 35.551787], [33.285031, 35.552249], [33.284743, 35.552437], [33.285364, 35.550338], [33.285566, 35.549655], [33.284944, 35.549607], [33.28504, 35.550021], [33.285288, 35.550338], [33.28542, 35.549587], [33.286624, 35.553097], [33.28703, 35.553662], [33.286134, 35.55354], [33.286985, 35.553107], [33.286666, 35.553687], [33.28624, 35.55287], [33.286818, 35.553117], [33.286279, 35.553534], [33.285445, 35.552673], [33.285058, 35.553226], [33.285464, 35.552951], [33.28476, 35.553351], [33.284599, 35.553026], [33.285148, 35.553333], [33.284628, 35.552584], [33.285054, 35.552837], [33.285039, 35.552809], [33.284775, 35.552539], [33.285162, 35.552654], [33.285063, 35.553419]]",[],"[33.267556, 35.54407]",friend
"[[33.285106, 35.552729], [33.285466, 35.553051], [33.285303, 35.552716], [33.285263, 35.552517], [33.285682, 35.552708], [33.285555, 35.552614], [33.285931, 35.552576], [33.285453, 35.55239], [33.285755, 35.553082], [33.285171, 35.552154], [33.28713, 35.551713], [33.28681, 35.552062], [33.286417, 35.552085], [33.286833, 35.551725], [33.286515, 35.551823], [33.28733, 35.551554], [33.28704, 35.551574], [33.287084, 35.551916], [33.286745, 35.55117], [33.286692, 35.551857], [33.286436, 35.552105], [33.286392, 35.551191], [33.286357, 35.552803], [33.287162, 35.552892], [33.286723, 35.552711], [33.287127, 35.552626], [33.287087, 35.552066], [33.286718, 35.552653], [33.28685, 35.55254], [33.286694, 35.552496], [33.286597, 35.548159], [33.286371, 35.548009], [33.286754, 35.547647], [33.286386, 35.547953], [33.286524, 35.548411], [33.286326, 35.547674], [33.286871, 35.548481], [33.287105, 35.548361], [33.286946, 35.548243], [33.286353, 35.548482], [33.286425, 35.547924], [33.285868, 35.553527], [33.285813, 35.55427], [33.285752, 35.553626], [33.285726, 35.554149], [33.285638, 35.554283], [33.285514, 35.553388], [33.286118, 35.553887], [33.285795, 35.554138], [33.2854, 35.553789], [33.285797, 35.553952], [33.285768, 35.55411], [33.28701, 35.552111], [33.287333, 35.552729], [33.286738, 35.551918], [33.28733, 35.55188], [33.287586, 35.552284], [33.287234, 35.552303], [33.287427, 35.551749], [33.286701, 35.552084], [33.287252, 35.551985], [33.285011, 35.549755], [33.285045, 35.550187], [33.28522, 35.549918], [33.284864, 35.549694], [33.285588, 35.549697], [33.284775, 35.549978], [33.285137, 35.549498], [33.28663, 35.553075], [33.286252, 35.553022], [33.286864, 35.553584], [33.286418, 35.553226], [33.28699, 35.55307], [33.28659, 35.553305], [33.286317, 35.552973], [33.284728, 35.552782], [33.285422, 35.55301], [33.284759, 35.552699], [33.284951, 35.552638], [33.285481, 35.552936], [33.284657, 35.552839], [33.28548, 35.552822]]",[],"[33.280286, 35.556565]",friend
"[[33.28557, 35.552407], [33.2862, 35.552625], [33.286153, 35.552463], [33.286285, 35.552736], [33.286058, 35.552362], [33.285986, 35.552847], [33.285468, 35.552857], [33.285644, 35.552467], [33.286205, 35.552327], [33.286965, 35.5519], [33.286974, 35.552214], [33.286026, 35.551557], [33.286104, 35.552095], [33.286175, 35.551373], [33.286322, 35.551888], [33.286916, 35.551665], [33.286461, 35.551477], [33.286502, 35.552714], [33.286402, 35.552023], [33.287146, 35.552192], [33.28668, 35.552433], [33.286678, 35.552396], [33.286281, 35.552857], [33.286291, 35.552072], [33.286695, 35.552245], [33.286663, 35.552131], [33.287055, 35.552194], [33.287001, 35.552224], [33.28656, 35.552071], [33.287141, 35.548285], [33.286995, 35.547689], [33.287157, 35.548097], [33.286482, 35.547781], [33.286218, 35.548619], [33.28645, 35.548346], [33.286346, 35.548173], [33.286854, 35.548359], [33.2865, 35.553634], [33.2863, 35.554117], [33.285822, 35.554402], [33.286364, 35.554312], [33.285739, 35.554304], [33.28607, 35.553581], [33.28584, 35.553598], [33.285772, 35.554257], [33.286732, 35.552611], [33.287521, 35.552595], [33.287352, 35.552547], [33.28685, 35.552542], [33.286816, 35.552318], [33.287268, 35.552431], [33.287678, 35.552665], [33.287408, 35.55185], [33.287404, 35.552543], [33.287194, 35.55193], [33.28506, 35.549704], [33.285438, 35.550037], [33.285088, 35.550223], [33.285218, 35.550099], [33.285266, 35.550356], [33.285629, 35.549714], [33.285669, 35.549561], [33.285257, 35.550306], [33.286272, 35.55335], [33.286239, 35.552516], [33.286151, 35.553328], [33.285937, 35.553146], [33.286744, 35.552606], [33.286493, 35.55319], [33.286096, 35.552872], [33.286187, 35.55326], [33.286457, 35.552659], [33.286593, 35.55323], [33.285488, 35.552552], [33.285132, 35.552354], [33.284771, 35.55312], [33.284885, 35.552979], [33.285095, 35.552214], [33.285045, 35.552421], [33.285369, 35.552907], [33.285666, 35.552559], [33.285, 35.55313], [33.285621, 35.552196]]",[],"[33.290128, 35.552765]",friend
"[[33.285532, 35.553201], [33.285706, 35.552447], [33.285659, 35.553217], [33.28536, 35.552513], [33.285687, 35.552271], [33.285777, 35.552654], [33.285292, 35.553014], [33.285089, 35.552746], [33.28531, 35.553132], [33.285902, 35.553173], [33.285477, 35.552826], [33.28584, 35.551], [33.286269, 35.551283], [33.286357, 35.551113], [33.286244, 35.551407], [33.286331, 35.551427], [33.286647, 35.551575], [33.285852, 35.551215], [33.286072, 35.551569], [33.286337, 35.551325], [33.28597, 35.55092], [33.286318, 35.550953], [33.287049, 35.552085], [33.286309, 35.552522], [33.286569, 35.552454], [33.287005, 35.552231], [33.286927, 35.552565], [33.286824, 35.552549], [33.286495, 35.552828], [33.286779, 35.552136], [33.287055, 35.552267], [33.286981, 35.552602], [33.286662, 35.552333], [33.286873, 35.552462], [33.286343, 35.54799], [33.286275, 35.547924], [33.286585, 35.547863], [33.28709, 35.548225], [33.286181, 35.547988], [33.286964, 35.547738], [33.287134, 35.548287], [33.286668, 35.547862], [33.285814, 35.553302], [33.286016, 35.553925], [33.286624, 35.553514], [33.286219, 35.554155], [33.286346, 35.553578], [33.286576, 35.553762], [33.286658, 35.553395], [33.286349, 35.553463], [33.286428, 35.554169], [33.286732, 35.553575], [33.286135, 35.553969], [33.286453, 35.553395], [33.287427, 35.551899], [33.286758, 35.551847], [33.287373, 35.552119], [33.287028, 35.552446], [33.287255, 35.552013], [33.287003, 35.552225], [33.287582, 35.552367], [33.28738, 35.551883], [33.28736, 35.551972], [33.285037, 35.549961], [33.285963, 35.549699], [33.285274, 35.55032], [33.285223, 35.549741], [33.285796, 35.54991], [33.285633, 35.54992], [33.285213, 35.549916], [33.285929, 35.550012], [33.28537, 35.549606], [33.285725, 35.550143], [33.285117, 35.550025], [33.285535, 35.549828], [33.286027, 35.552845], [33.28664, 35.553079], [33.286127, 35.553267], [33.285877, 35.553342], [33.28662, 35.552499], [33.286395, 35.55315], [33.286434, 35.553383], [33.286302, 35.552799], [33.285827, 35.552863], [33.284878, 35.552584], [33.284815, 35.553077], [33.285119, 35.55279], [33.285089, 35.552407], [33.285548, 35.552453], [33.285637, 35.552175], [33.284684, 35.552882], [33.285187, 35.552836], [33.285333, 35.55306], [33.285333, 35.552255], [33.285216, 35.553081], [33.284849, 35.552749]]",[],"[33.285598, 35.541738]",friend
"[[33.285817, 35.552026], [33.28527, 35.552823], [33.285176, 35.552449], [33.285896, 35.551983], [33.285849, 35.552824], [33.28547, 35.552082], [33.28527, 35.55248], [33.28539, 35.552309], [33.285627, 35.552786], [33.285804, 35.552245], [33.285328, 35.552143], [33.285449, 35.552006], [33.286586, 35.551485], [33.286535, 35.551672], [33.286009, 35.551121], [33.286563, 35.551889], [33.286553, 35.551271], [33.28631, 35.551235], [33.286678, 35.551415], [33.286273, 35.550967], [33.286201, 35.55149], [33.286624, 35.552368], [33.286974, 35.552106], [33.287226, 35.552748], [33.286503, 35.552177], [33.286863, 35.552945], [33.286583, 35.552836], [33.28692, 35.552273], [33.286638, 35.547682], [33.286245, 35.548335], [33.287126, 35.548083], [33.286393, 35.54849], [33.286578, 35.547867], [33.286181, 35.548508], [33.287015, 35.548388], [33.286289, 35.547864], [33.286625, 35.547721], [33.286913, 35.548582], [33.285879, 35.553232], [33.285965, 35.553943], [33.285904, 35.554118], [33.286309, 35.554066], [33.285945, 35.5536], [33.285989, 35.553526], [33.286309, 35.553661], [33.287122, 35.552638], [33.28713, 35.552228], [33.287039, 35.552039], [33.287324, 35.551882], [33.286753, 35.552021], [33.287258, 35.551967], [33.287346, 35.552103], [33.287088, 35.552039], [33.287285, 35.552203], [33.287362, 35.552022], [33.287326, 35.55174], [33.287361, 35.551914], [33.285863, 35.550431], [33.285808, 35.55007], [33.285656, 35.550446], [33.285798, 35.549815], [33.285116, 35.5501], [33.285429, 35.549644], [33.285751, 35.54961], [33.285917, 35.553145], [33.286488, 35.55269], [33.28596, 35.552479], [33.286604, 35.553055], [33.285824, 35.553172], [33.286087, 35.553227], [33.286242, 35.552863], [33.285768, 35.553437], [33.285783, 35.553408], [33.286459, 35.552804], [33.286651, 35.552822], [33.285539, 35.553038], [33.285233, 35.552536], [33.284975, 35.552511], [33.2849, 35.552246], [33.285295, 35.55216], [33.284871, 35.55272], [33.285494, 35.553104], [33.284978, 35.552803], [33.285327, 35.552828]]",[],"[33.284819, 35.54943]",friend
"[[33.285805, 35.552367], [33.284911, 35.552345], [33.285377, 35.552119], [33.285153, 35.55222], [33.285687, 35.552218], [33.285737, 35.551959], [33.286527, 35.551776], [33.286475, 35.551458], [33.286334, 35.551348], [33.285918, 35.550969], [33.28582, 35.550924], [33.285756, 35.551825], [33.28671, 35.551479], [33.286482, 35.551768], [33.286432, 35.551613], [33.285828, 35.551905], [33.287208, 35.552576], [33.287243, 35.552168], [33.287268, 35.552202], [33.286361, 35.552788], [33.286784, 35.552061], [33.286634, 35.552435], [33.287093, 35.54828], [33.286666, 35.547986], [33.286977, 35.54777], [33.286744, 35.548161], [33.286436, 35.548593], [33.286264, 35.548379], [33.286426, 35.547752], [33.286548, 35.547843], [33.286943, 35.548082], [33.286788, 35.553426], [33.286493, 35.553409], [33.286181, 35.553552], [33.286098, 35.55383], [33.286305, 35.553261], [33.286701, 35.553887], [33.286751, 35.55344], [33.286426, 35.554043], [33.285861, 35.553333], [33.285909, 35.553682], [33.286788, 35.551833], [33.28745, 35.552288], [33.287304, 35.551815], [33.287289, 35.551812], [33.287304, 35.552035], [33.287077, 35.551773], [33.28677, 35.551924], [33.287138, 35.552452], [33.287368, 35.551993], [33.285847, 35.550328], [33.285236, 35.550028], [33.285534, 35.550366], [33.285339, 35.550334], [33.285226, 35.54995], [33.28598, 35.549983], [33.285227, 35.550372], [33.285607, 35.549688], [33.286327, 35.552629], [33.286455, 35.552565], [33.286263, 35.552757], [33.286717, 35.552641], [33.285968, 35.552641], [33.286338, 35.553422], [33.28664, 35.553275], [33.286144, 35.552892], [33.286685, 35.552448], [33.28594, 35.552571], [33.285897, 35.552824], [33.285274, 35.552724], [33.284763, 35.552313], [33.284743, 35.552278], [33.284881, 35.552365], [33.285524, 35.5529], [33.285027, 35.552438], [33.285667, 35.552924], [33.284963, 35.553083], [33.284836, 35.552545], [33.285575, 35.552795]]",[],"[33.265555, 35.561444]",friend
"[[33.284979, 35.55207], [33.285253, 35.551659], [33.285342, 35.552243], [33.285433, 35.551952], [33.285216, 35.552098], [33.285108, 35.55233], [33.285344, 35.552056], [33.286651, 35.551247], [33.286674, 35.551293], [33.286234, 35.551042], [33.286475, 35.551646], [33.286132, 35.550982], [33.286215, 35.551502], [33.286462, 35.551111], [33.286235, 35.551475], [33.285869, 35.551558], [33.286514, 35.55138], [33.286076, 35.551647], [33.286526, 35.551894], [33.286726, 35.552238], [33.28645, 35.552336], [33.286503, 35.552477], [33.286646, 35.55216], [33.286112, 35.551985], [33.28615, 35.552406], [33.286361, 35.552769], [33.286487, 35.55257], [33.286187, 35.547717], [33.28699, 35.547711], [33.287044, 35.54784], [33.286804, 35.547929], [33.286533, 35.548283], [33.286477, 35.548214], [33.287047, 35.548151], [33.286319, 35.548225], [33.286444, 35.553441], [33.286309, 35.553263], [33.286181, 35.553396], [33.286254, 35.554097], [33.286004, 35.553353], [33.285965, 35.553304], [33.285828, 35.553446], [33.286376, 35.553647], [33.286755, 35.552332], [33.286884, 35.552585], [33.286826, 35.55186], [33.28695, 35.552425], [33.286861, 35.552481], [33.287278, 35.552429], [33.287256, 35.552483], [33.287351, 35.552578], [33.28699, 35.552189], [33.286893, 35.552646], [33.287612, 35.551957], [33.285287, 35.550225], [33.285431, 35.550431], [33.285357, 35.549891], [33.285191, 35.549516], [33.285031, 35.549716], [33.285605, 35.549711], [33.285174, 35.549979], [33.28567, 35.550373], [33.285132, 35.550231], [33.285649, 35.550171], [33.285149, 35.549935], [33.285405, 35.550123], [33.28714, 35.552777], [33.287102, 35.553211], [33.286466, 35.552746], [33.286884, 35.553469], [33.286605, 35.553147], [33.286555, 35.553127], [33.286829, 35.55347], [33.286916, 35.553386], [33.284866, 35.552463], [33.285309, 35.55297], [33.285317, 35.55266], [33.284888, 35.552819], [33.2856, 35.552558], [33.285577, 35.55303], [33.285588, 35.552754], [33.284704, 35.552689], [33.284749, 35.552931]]",[],"[33.277735, 35.551552]",friend
"[[33.284828, 35.552264], [33.285136, 35.55214], [33.285121, 35.552371], [33.285138, 35.55184], [33.285168, 35.552333], [33.285195, 35.551672], [33.285483, 35.55181], [33.285146, 35.55198], [33.285705, 35.551162], [33.286354, 35.551322], [33.285585, 35.550966], [33.285636, 35.551359], [33.286107, 35.550933], [33.286037, 35.550674], [33.285666, 35.550942], [33.285901, 35.551031], [33.286366, 35.550798], [33.285555, 35.550732], [33.285612, 35.551116], [33.28584, 35.551494], [33.286198, 35.552496], [33.286822, 35.552379], [33.286107, 35.552508], [33.286529, 35.55186], [33.286715, 35.551709], [33.286599, 35.551992], [33.286219, 35.548063], [33.286677, 35.548549], [33.286625, 35.547942], [33.286783, 35.548471], [33.286438, 35.547658], [33.286228, 35.54767], [33.286671, 35.547987], [33.286678, 35.553435], [33.286563, 35.553337], [33.286604, 35.554042], [33.285994, 35.553578], [33.286113, 35.553809], [33.286766, 35.553884], [33.286115, 35.553484], [33.287074, 35.552278], [33.286902, 35.551744], [33.287297, 35.551847], [33.287067, 35.552316], [33.287522, 35.552251], [33.287221, 35.551841], [33.285061, 35.550336], [33.285807, 35.550261], [33.285327, 35.550376], [33.285043, 35.550218], [33.285452, 35.550249], [33.285083, 35.550272], [33.287005, 35.552636], [33.287069, 35.553211], [33.286638, 35.553078], [33.286905, 35.552743], [33.286503, 35.553442], [33.286722, 35.552785], [33.286905, 35.553425], [33.286457, 35.553397], [33.286395, 35.55307], [33.285082, 35.553156], [33.285863, 35.552466], [33.28542, 35.552615], [33.284967, 35.553092], [33.285361, 35.552901], [33.285787, 35.552615], [33.285458, 35.552587], [33.285091, 35.553001]]",[],"[33.2648, 35.546109]",friend
"[[33.284808, 35.552074], [33.285017, 35.552561], [33.285098, 35.552113], [33.285393, 35.552508], [33.284996, 35.552429], [33.284995, 35.552358], [33.285517, 35.552047], [33.285259, 35.552422], [33.28509, 35.552395], [33.284873, 35.55201], [33.286375, 35.550827], [33.286406, 35.551116], [33.285907, 35.5514], [33.285684, 35.551374], [33.286362, 35.551119], [33.286276, 35.550618], [33.285938, 35.551172], [33.285776, 35.550726], [33.285942, 35.551094], [33.286171, 35.55092], [33.286459, 35.551053], [33.285745, 35.551344], [33.286361, 35.551799], [33.286231, 35.551644], [33.286859, 35.552091], [33.286692, 35.551569], [33.286662, 35.551648], [33.286917, 35.551837], [33.286482, 35.552476], [33.286148, 35.552212], [33.287071, 35.548319], [33.287017, 35.54847], [33.286811, 35.548281], [33.287047, 35.548221], [33.286587, 35.547999], [33.287141, 35.548287], [33.287086, 35.548387], [33.285833, 35.553361], [33.285846, 35.553182], [33.286296, 35.553367], [33.286055, 35.553486], [33.285689, 35.55354], [33.286003, 35.553567], [33.285796, 35.554022], [33.285425, 35.553203], [33.28584, 35.553821], [33.286946, 35.552269], [33.287305, 35.552525], [33.28674, 35.552359], [33.287138, 35.551891], [33.286695, 35.552133], [33.287432, 35.552236], [33.286828, 35.551872], [33.285213, 35.550001], [33.285644, 35.549576], [33.285849, 35.549841], [33.285227, 35.549877], [33.285248, 35.549672], [33.285917, 35.550171], [33.285965, 35.550023], [33.285318, 35.549729], [33.285968, 35.549775], [33.285214, 35.549534], [33.285186, 35.550035], [33.285803, 35.550484], [33.286503, 35.553011], [33.286005, 35.552961], [33.286066, 35.552611], [33.286064, 35.552608], [33.286305, 35.553253], [33.286408, 35.55323], [33.286764, 35.553487], [33.286172, 35.552609], [33.286469, 35.553113], [33.285444, 35.552356], [33.285266, 35.552876], [33.285019, 35.552925], [33.285376, 35.55314], [33.285401, 35.553203], [33.285292, 35.552601]]",[],"[33.275628, 35.543933]",friend
"[[33.284775, 35.552329], [33.284819, 35.552154], [33.284658, 35.551856], [33.285294, 35.552172], [33.284726, 35.551755], [33.284925, 35.552212], [33.28513, 35.551707], [33.28466, 35.552298], [33.28489, 35.552523], [33.285066, 35.552052], [33.284662, 35.551956], [33.286265, 35.551413], [33.286039, 35.550463], [33.285601, 35.55111], [33.286406, 35.55124], [33.285773, 35.55119], [33.28558, 35.551041], [33.285515, 35.551006], [33.285953, 35.550829], [33.286293, 35.552156], [33.286101, 35.55222], [33.286819, 35.552408], [33.28703, 35.551954], [33.286888, 35.55213], [33.286608, 35.552214], [33.286866, 35.551683], [33.286689, 35.552483], [33.286921, 35.551669], [33.286717, 35.55215], [33.286732, 35.551834], [33.286838, 35.552284], [33.286715, 35.547883], [33.286532, 35.548612], [33.286436, 35.548409], [33.286478, 35.548008], [33.286497, 35.547866], [33.286244, 35.547978], [33.287028, 35.548541], [33.285741, 35.553859], [33.286364, 35.553723], [33.286105, 35.553826], [33.285872, 35.553571], [33.286124, 35.553924], [33.285463, 35.553514], [33.285994, 35.554025], [33.285594, 35.55402], [33.287808, 35.551956], [33.287557, 35.552171], [33.287274, 35.551665], [33.287735, 35.551589], [33.287877, 35.552191], [33.287986, 35.551844], [33.287992, 35.551622], [33.287521, 35.551802], [33.28793, 35.552188], [33.285933, 35.549798], [33.285275, 35.550027], [33.285152, 35.549609], [33.285773, 35.550348], [33.285175, 35.550435], [33.285725, 35.550024], [33.285597, 35.54982], [33.285593, 35.550093], [33.285613, 35.54967], [33.285189, 35.549869], [33.285014, 35.55003], [33.286678, 35.552739], [33.286804, 35.552668], [33.286044, 35.553247], [33.286921, 35.553197], [33.286811, 35.553596], [33.286013, 35.552663], [33.286867, 35.55323], [33.285954, 35.552881], [33.285166, 35.552893], [33.284832, 35.552583], [33.285766, 35.552582], [33.285758, 35.552926], [33.28503, 35.553215], [33.285191, 35.552551], [33.285696, 35.552469], [33.285295, 35.552885]]",[],"[33.275142, 35.562034]",friend
"[[33.285004, 35.552001], [33.28497, 35.551744], [33.285487, 35.551679], [33.285518, 35.552338], [33.284844, 35.551904], [33.285124, 35.552112], [33.285149, 35.551971], [33.284953, 35.551878], [33.284828, 35.551749], [33.284743, 35.552129], [33.285655, 35.551087], [33.285833, 35.551145], [33.285805, 35.551082], [33.285459, 35.551082], [33.286425, 35.550465], [33.286293, 35.551407], [33.285842, 35.55066], [33.286276, 35.551131], [33.285513, 35.55122], [33.28601, 35.551393], [33.285942, 35.550856], [33.286097, 35.550651], [33.286332, 35.551818], [33.286485, 35.552514], [33.286178, 35.552424], [33.286207, 35.552404], [33.286929, 35.552013], [33.286194, 35.551649], [33.286231, 35.552307], [33.28706, 35.552052], [33.287032, 35.551869], [33.286836, 35.547791], [33.28635, 35.547719], [33.286341, 35.547653], [33.286168, 35.548552], [33.286459, 35.548047], [33.286745, 35.54825], [33.287034, 35.548258], [33.286939, 35.54812], [33.286606, 35.547727], [33.286816, 35.548192], [33.285518, 35.552968], [33.285498, 35.553643], [33.285853, 35.553415], [33.285591, 35.553103], [33.286112, 35.553344], [33.285513, 35.553536], [33.285427, 35.552773], [33.288026, 35.551711], [33.287869, 35.551468], [33.287621, 35.55186], [33.287224, 35.551528], [33.287405, 35.551707], [33.28765, 35.552075], [33.287834, 35.551475], [33.287349, 35.551823], [33.28791, 35.551841], [33.28535, 35.549652], [33.28539, 35.549837], [33.285471, 35.549605], [33.285809, 35.5496], [33.285973, 35.549546], [33.285894, 35.550408], [33.285195, 35.549856], [33.285864, 35.549573], [33.285723, 35.550016], [33.285914, 35.553066], [33.285955, 35.553024], [33.286216, 35.552864], [33.286551, 35.55295], [33.285618, 35.553259], [33.285955, 35.552598], [33.286142, 35.552346], [33.286191, 35.552675], [33.285791, 35.55328], [33.286193, 35.552642], [33.286444, 35.553245], [33.28555, 35.5527], [33.285536, 35.552655], [33.285453, 35.553088], [33.28487, 35.552655], [33.285268, 35.552941], [33.284991, 35.553106], [33.284881, 35.552962], [33.284884, 35.552384], [33.284811, 35.552399], [33.285168, 35.552343]]",[],"[33.268461, 35.547243]",friend
"[[33.284497, 35.55254], [33.284469, 35.55232], [33.284328, 35.552773], [33.285093, 35.551895], [33.285008, 35.551822], [33.284707, 35.551886], [33.284932, 35.552622], [33.285847, 35.550867], [33.285879, 35.550516], [33.28586, 35.550855], [33.285505, 35.55055], [33.285726, 35.55112], [33.285502, 35.550444], [33.286344, 35.552042], [33.286135, 35.552465], [33.286106, 35.551751], [33.28683, 35.551594], [33.286288, 35.5525], [33.286628, 35.552057], [33.286606, 35.547286], [33.286955, 35.548052], [33.287067, 35.548195], [33.287504, 35.547521], [33.28733, 35.547625], [33.287517, 35.547736], [33.286685, 35.547774], [33.285576, 35.553291], [33.285732, 35.552937], [33.286386, 35.553253], [33.286173, 35.553029], [33.285548, 35.553537], [33.28623, 35.553359], [33.285432, 35.553186], [33.285924, 35.553269], [33.286337, 35.553132], [33.285491, 35.553039], [33.286281, 35.553509], [33.287404, 35.55142], [33.287934, 35.551471], [33.287438, 35.551874], [33.28718, 35.552216], [33.287271, 35.552069], [33.287303, 35.551816], [33.287781, 35.551477], [33.287856, 35.551595], [33.288091, 35.552159], [33.287221, 35.552021], [33.28804, 35.552074], [33.285071, 35.550118], [33.284721, 35.550386], [33.285438, 35.550042], [33.285233, 35.549971], [33.284715, 35.550311], [33.285218, 35.550569], [33.285432, 35.549776], [33.285057, 35.549985], [33.285435, 35.550061], [33.284856, 35.550289], [33.285457, 35.549808], [33.286108, 35.5524], [33.286044, 35.553297], [33.286363, 35.552784], [33.285699, 35.553264], [33.286389, 35.552926], [33.28579, 35.55286], [33.284958, 35.552533], [33.285061, 35.552097], [33.28539, 35.552057], [33.284816, 35.551923], [33.284826, 35.552508], [33.284764, 35.552521]]",[],"[33.287966, 35.546284]",friend
"[[33.284828, 35.552262], [33.284778, 35.551802], [33.28501, 35.551707], [33.284841, 35.552223], [33.284337, 35.551704], [33.284464, 35.552118], [33.286284, 35.550748], [33.285929, 35.551198], [33.286306, 35.551047], [33.286391, 35.55089], [33.286165, 35.551057], [33.286092, 35.550987], [33.286222, 35.551014], [33.285977, 35.551172], [33.286215, 35.550882], [33.286138, 35.551416], [33.286714, 35.552267], [33.28619, 35.552164], [33.286644, 35.551799], [33.286411, 35.55217], [33.287007, 35.551529], [33.286709, 35.55187], [33.286515, 35.552095], [33.286392, 35.551594], [33.286689, 35.552204], [33.286888, 35.552218], [33.286794, 35.552046], [33.287232, 35.547884], [33.287275, 35.547857], [33.286784, 35.547911], [33.287143, 35.547873], [33.286837, 35.547758], [33.287066, 35.548121], [33.286846, 35.548042], [33.28666, 35.547281], [33.287586, 35.547775], [33.286846, 35.547921], [33.287346, 35.548142], [33.285573, 35.553664], [33.286335, 35.552759], [33.28625, 35.553281], [33.285603, 35.553143], [33.285887, 35.553413], [33.286157, 35.552924], [33.286059, 35.552857], [33.286259, 35.553322], [33.286043, 35.553218], [33.286167, 35.553496], [33.286193, 35.55365], [33.28592, 35.553151], [33.287561, 35.551901], [33.287418, 35.551354], [33.287656, 35.552114], [33.287491, 35.552042], [33.288028, 35.551772], [33.287837, 35.551374], [33.287673, 35.551656], [33.28509, 35.550037], [33.284923, 35.549725], [33.285111, 35.550038], [33.285448, 35.549781], [33.285098, 35.55048], [33.285312, 35.549848], [33.284978, 35.549862], [33.285085, 35.550452], [33.284899, 35.54996], [33.284937, 35.549809], [33.285102, 35.549993], [33.285058, 35.550143], [33.287001, 35.552456], [33.286596, 35.552727], [33.286398, 35.552869], [33.286645, 35.552529], [33.286669, 35.5531], [33.286922, 35.553185], [33.286317, 35.552665], [33.286553, 35.552844], [33.28704, 35.553379], [33.286158, 35.553048], [33.286178, 35.552493], [33.285295, 35.552521], [33.285253, 35.551846], [33.285682, 35.552591], [33.285669, 35.55235], [33.285437, 35.552202], [33.285378, 35.55272], [33.285409, 35.552483], [33.285618, 35.552726], [33.284886, 35.551973], [33.285198, 35.552069]]",[],"[33.275547, 35.551768]",friend
