friend_pos_list,foe_pos_list,target_coor,label
"[[33.268639, 35.552531], [33.269395, 35.552836], [33.269295, 35.552047], [33.26872, 35.552048], [33.268453, 35.552513], [33.268621, 35.552847], [33.269094, 35.552804], [33.27019, 35.551793], [33.269789, 35.552103], [33.269743, 35.552008], [33.26982, 35.551822], [33.269941, 35.551682], [33.270028, 35.552321], [33.269964, 35.552009], [33.269817, 35.551862], [33.274384, 35.555665], [33.274354, 35.555893], [33.273982, 35.555481], [33.274747, 35.555742], [33.274299, 35.555403], [33.274636, 35.555878], [33.272142, 35.552662], [33.272108, 35.553477], [33.27241, 35.553106], [33.272509, 35.55317], [33.272126, 35.552586], [33.272688, 35.553032], [33.272382, 35.55272], [33.272515, 35.553244], [33.272757, 35.552674], [33.272047, 35.55338], [33.272067, 35.553017], [33.271551, 35.553287], [33.270951, 35.552788], [33.270769, 35.552885], [33.27068, 35.55336], [33.270709, 35.5534], [33.271423, 35.552873], [33.271606, 35.553286], [33.270821, 35.553596], [33.272025, 35.551146], [33.271993, 35.550794], [33.272153, 35.550957], [33.27196, 35.551028], [33.272044, 35.550282], [33.271526, 35.550654], [33.271575, 35.550222], [33.269386, 35.554128], [33.270151, 35.554087], [33.269831, 35.5539], [33.270193, 35.554254], [33.270132, 35.553755], [33.269708, 35.553454], [33.269509, 35.554129], [33.269542, 35.553415], [33.269396, 35.553371], [33.269967, 35.553391], [33.271969, 35.555101], [33.272306, 35.555515], [33.271926, 35.555057], [33.271781, 35.555199], [33.271683, 35.55512], [33.27186, 35.555077], [33.27201, 35.555339], [33.272215, 35.555034], [33.271923, 35.555856], [33.272525, 35.555792]]","[[33.286101, 35.549564], [33.286407, 35.549124], [33.285951, 35.549165], [33.28613, 35.549392], [33.286274, 35.549407], [33.285665, 35.548891], [33.283565, 35.551534], [33.283953, 35.551409], [33.284221, 35.551175], [33.284, 35.55138], [33.283793, 35.550892], [33.283904, 35.551353], [33.28846, 35.54918], [33.288291, 35.5496], [33.289064, 35.549749], [33.288561, 35.549438], [33.288493, 35.549814], [33.289145, 35.549498], [33.288738, 35.549794], [33.28816, 35.549097], [33.288887, 35.549673], [33.288286, 35.549758], [33.28898, 35.549401], [33.288532, 35.54927], [33.286772, 35.548509], [33.286507, 35.548822], [33.286781, 35.549182], [33.286934, 35.549075], [33.28658, 35.549053], [33.28699, 35.548774], [33.286851, 35.548738], [33.286533, 35.549379], [33.287108, 35.548865], [33.289155, 35.548593], [33.289521, 35.548344], [33.289157, 35.548679], [33.2894, 35.548061], [33.289203, 35.548252], [33.289269, 35.548416], [33.289974, 35.548413]]","[33.286879, 35.550066]",foe
"[[33.270975, 35.552754], [33.270221, 35.552041], [33.270188, 35.55292], [33.27071, 35.552531], [33.270773, 35.55286], [33.270528, 35.552678], [33.270169, 35.552201], [33.270678, 35.552532], [33.271593, 35.552043], [33.272213, 35.552161], [33.271927, 35.551707], [33.271598, 35.551595], [33.271976, 35.552487], [33.271658, 35.551884], [33.271694, 35.55163], [33.27139, 35.552266], [33.272092, 35.552204], [33.272259, 35.552552], [33.271703, 35.55196], [33.274475, 35.555355], [33.274853, 35.555469], [33.274792, 35.555303], [33.274764, 35.554775], [33.274404, 35.554724], [33.27443, 35.555397], [33.274791, 35.555584], [33.27265, 35.552536], [33.27255, 35.553355], [33.272751, 35.552797], [33.272599, 35.552744], [33.272279, 35.552663], [33.272687, 35.552954], [33.273438, 35.552999], [33.273457, 35.55295], [33.273763, 35.553352], [33.273896, 35.553688], [33.273575, 35.552876], [33.273726, 35.553306], [33.271654, 35.550675], [33.271508, 35.550474], [33.272282, 35.550498], [33.271471, 35.550427], [33.27201, 35.550725], [33.27212, 35.550974], [33.271615, 35.550199], [33.27215, 35.550174], [33.272158, 35.550412], [33.271735, 35.550979], [33.271417, 35.550798], [33.269575, 35.554319], [33.269609, 35.554443], [33.269399, 35.554186], [33.26943, 35.554138], [33.269882, 35.554144], [33.269587, 35.554041], [33.269139, 35.55393], [33.269793, 35.553991], [33.268998, 35.554119], [33.269469, 35.554216], [33.271738, 35.555375], [33.271623, 35.555778], [33.272057, 35.555102], [33.27169, 35.555925], [33.272252, 35.5553], [33.271703, 35.555031], [33.272519, 35.555532], [33.271967, 35.555629], [33.272269, 35.555659]]","[[33.286329, 35.549271], [33.286156, 35.549298], [33.286004, 35.549985], [33.285935, 35.549617], [33.28588, 35.549822], [33.285713, 35.549253], [33.285625, 35.5497], [33.28598, 35.549484], [33.28582, 35.549566], [33.284005, 35.550876], [33.283267, 35.551155], [33.283396, 35.551339], [33.283225, 35.551176], [33.283584, 35.551443], [33.283463, 35.551497], [33.283535, 35.550906], [33.283404, 35.550741], [33.288458, 35.549627], [33.288189, 35.549486], [33.288258, 35.549449], [33.28868, 35.549438], [33.28853, 35.549446], [33.289049, 35.54931], [33.286515, 35.548423], [33.286867, 35.54845], [33.287244, 35.548722], [33.286676, 35.549092], [33.287338, 35.549234], [33.287494, 35.548449], [33.287249, 35.548927], [33.289142, 35.548245], [33.289651, 35.548268], [33.289323, 35.548021], [33.289373, 35.547813], [33.289305, 35.547774], [33.28924, 35.548529]]","[33.263954, 35.539326]",friend
"[[33.270642, 35.552606], [33.270427, 35.552901], [33.270134, 35.552322], [33.270805, 35.552051], [33.270736, 35.552168], [33.270152, 35.552883], [33.270946, 35.552545], [33.2702, 35.552281], [33.270227, 35.552855], [33.270672, 35.552532], [33.273616, 35.552262], [33.273531, 35.5522], [33.27357, 35.55204], [33.273519, 35.552223], [33.273216, 35.551647], [33.273393, 35.552074], [33.274119, 35.551963], [33.273635, 35.551739], [33.274956, 35.55461], [33.275487, 35.554359], [33.27482, 35.555063], [33.275481, 35.555035], [33.275112, 35.554851], [33.274942, 35.554495], [33.274791, 35.552844], [33.274251, 35.553206], [33.274401, 35.552977], [33.27387, 35.553082], [33.274489, 35.553023], [33.274191, 35.552936], [33.274049, 35.553235], [33.274159, 35.552742], [33.274592, 35.5529], [33.274333, 35.553019], [33.274673, 35.552377], [33.273693, 35.552977], [33.273484, 35.553525], [33.273734, 35.553283], [33.273163, 35.552768], [33.27327, 35.552872], [33.273981, 35.55336], [33.273261, 35.552767], [33.273962, 35.553692], [33.273014, 35.55288], [33.273272, 35.553681], [33.273746, 35.550836], [33.273665, 35.550693], [33.273037, 35.550734], [33.27335, 35.550253], [33.273014, 35.55038], [33.273284, 35.55073], [33.273686, 35.550627], [33.273314, 35.550578], [33.273594, 35.550699], [33.273215, 35.550528], [33.273701, 35.550376], [33.273328, 35.550553], [33.270226, 35.553717], [33.269379, 35.553713], [33.269444, 35.553903], [33.269469, 35.554501], [33.269276, 35.553923], [33.269653, 35.553774], [33.269288, 35.554479], [33.271807, 35.555165], [33.272106, 35.555087], [33.272068, 35.555945], [33.272212, 35.555807], [33.272053, 35.555272], [33.272203, 35.555123], [33.272241, 35.555188], [33.272418, 35.555545], [33.272446, 35.555644]]","[[33.2862, 35.549296], [33.28633, 35.548925], [33.285963, 35.548922], [33.285921, 35.548655], [33.28622, 35.549138], [33.286527, 35.548794], [33.28668, 35.548778], [33.286087, 35.5493], [33.284341, 35.551739], [33.283841, 35.551413], [33.284342, 35.551831], [33.283858, 35.551146], [33.284188, 35.551459], [33.283949, 35.551644], [33.288806, 35.549295], [33.288904, 35.549063], [33.288573, 35.549466], [33.288258, 35.549362], [33.28855, 35.549922], [33.288714, 35.549532], [33.288408, 35.54976], [33.288297, 35.549927], [33.288623, 35.549051], [33.288351, 35.549002], [33.288383, 35.549945], [33.287067, 35.548885], [33.286903, 35.548503], [33.287311, 35.548736], [33.286682, 35.548507], [33.286703, 35.548882], [33.28709, 35.548425], [33.286548, 35.549315], [33.287087, 35.548664], [33.287361, 35.548925], [33.289376, 35.548472], [33.2898, 35.548177], [33.289381, 35.547507], [33.289985, 35.548479], [33.290173, 35.547588], [33.290004, 35.547975], [33.289633, 35.548074], [33.290003, 35.548127], [33.290015, 35.547765]]","[33.284051, 35.551107]",foe
"[[33.270457, 35.551779], [33.270628, 35.551539], [33.270518, 35.551831], [33.271356, 35.551683], [33.271015, 35.551618], [33.270576, 35.551709], [33.271262, 35.552271], [33.270946, 35.552386], [33.271145, 35.552024], [33.273264, 35.551875], [33.273886, 35.552218], [33.273321, 35.552089], [33.273498, 35.552403], [33.273944, 35.551883], [33.273862, 35.55242], [33.275467, 35.554092], [33.275502, 35.554692], [33.275326, 35.55406], [33.27547, 35.554917], [33.275794, 35.554081], [33.275913, 35.554855], [33.275356, 35.554313], [33.275697, 35.554899], [33.275281, 35.55482], [33.275553, 35.554248], [33.2751, 35.55494], [33.275738, 35.554611], [33.275959, 35.552466], [33.275862, 35.552493], [33.276607, 35.552757], [33.276326, 35.553012], [33.276625, 35.552612], [33.276059, 35.552949], [33.275858, 35.552842], [33.273152, 35.552829], [33.273076, 35.553457], [33.273713, 35.55304], [33.273158, 35.553596], [33.273625, 35.55337], [33.273751, 35.552933], [33.273683, 35.55344], [33.273742, 35.55323], [33.273219, 35.553038], [33.273889, 35.552987], [33.273707, 35.552803], [33.276201, 35.55034], [33.27629, 35.551076], [33.276165, 35.550216], [33.275594, 35.55042], [33.275672, 35.550715], [33.275602, 35.55045], [33.276087, 35.550254], [33.27619, 35.551048], [33.276035, 35.551162], [33.275472, 35.550775], [33.269751, 35.554575], [33.269324, 35.554152], [33.269471, 35.554096], [33.26989, 35.554201], [33.269887, 35.553963], [33.270043, 35.554521], [33.26975, 35.554049], [33.270162, 35.554434], [33.269495, 35.553774], [33.2693, 35.554393], [33.269266, 35.554435], [33.270221, 35.553972], [33.271608, 35.554945], [33.271506, 35.55576], [33.271794, 35.554901], [33.271221, 35.554862], [33.27157, 35.55566], [33.271456, 35.554907]]","[[33.286279, 35.549097], [33.286439, 35.548393], [33.286576, 35.548392], [33.286562, 35.548502], [33.285994, 35.549332], [33.286346, 35.549282], [33.286353, 35.549109], [33.286668, 35.548629], [33.28653, 35.548805], [33.286465, 35.54886], [33.286434, 35.549095], [33.284466, 35.551031], [33.284716, 35.551339], [33.284117, 35.551424], [33.284023, 35.551626], [33.284613, 35.550892], [33.284356, 35.551379], [33.284436, 35.55103], [33.284145, 35.551427], [33.284856, 35.550977], [33.284266, 35.551293], [33.28888, 35.549527], [33.288806, 35.549443], [33.288884, 35.54924], [33.288537, 35.549652], [33.28885, 35.549159], [33.288291, 35.549655], [33.288764, 35.549403], [33.288389, 35.549867], [33.288516, 35.549772], [33.288158, 35.54941], [33.286638, 35.549126], [33.287403, 35.548497], [33.286809, 35.548808], [33.286855, 35.549296], [33.287212, 35.548843], [33.287106, 35.548418], [33.287305, 35.549354], [33.287243, 35.54877], [33.28679, 35.549228], [33.286808, 35.548441], [33.286646, 35.549124], [33.289317, 35.547956], [33.28977, 35.548164], [33.289953, 35.547954], [33.289996, 35.547895], [33.289276, 35.548174], [33.289506, 35.548086], [33.290104, 35.547646], [33.289553, 35.5476], [33.290006, 35.548284]]","[33.270258, 35.557774]",friend
"[[33.273524, 35.552329], [33.27344, 35.551638], [33.273369, 35.5516], [33.273255, 35.551906], [33.272962, 35.551771], [33.273105, 35.552159], [33.27296, 35.551844], [33.27339, 35.551642], [33.273366, 35.551731], [33.273057, 35.552277], [33.272812, 35.552394], [33.273062, 35.552335], [33.275468, 35.551718], [33.275737, 35.551915], [33.27542, 35.551811], [33.275941, 35.552088], [33.275365, 35.552249], [33.276183, 35.551923], [33.275401, 35.552517], [33.274641, 35.554282], [33.2754, 35.554649], [33.274665, 35.554565], [33.275068, 35.554306], [33.27554, 35.554087], [33.2748, 35.55459], [33.274874, 35.554974], [33.275436, 35.554636], [33.27508, 35.554901], [33.274718, 35.554643], [33.275047, 35.554526], [33.275043, 35.554162], [33.275871, 35.553108], [33.275917, 35.55282], [33.276221, 35.553221], [33.27599, 35.552566], [33.276497, 35.552989], [33.276478, 35.552901], [33.276345, 35.552515], [33.275918, 35.552584], [33.2765, 35.553079], [33.27625, 35.552724], [33.276583, 35.553217], [33.273128, 35.55294], [33.2736, 35.552788], [33.27365, 35.553532], [33.273983, 35.553695], [33.273239, 35.5533], [33.273403, 35.552875], [33.27367, 35.552939], [33.27348, 35.552723], [33.273299, 35.55357], [33.274003, 35.552763], [33.276046, 35.551241], [33.276331, 35.550465], [33.275785, 35.550693], [33.275449, 35.550488], [33.275863, 35.550423], [33.275875, 35.550616], [33.276046, 35.550543], [33.275723, 35.550557], [33.270073, 35.554021], [33.270318, 35.553899], [33.270495, 35.554019], [33.270458, 35.553431], [33.270553, 35.554201], [33.269799, 35.553909], [33.269983, 35.553822], [33.271958, 35.555339], [33.271393, 35.555494], [33.271628, 35.555046], [33.271264, 35.555073], [33.271908, 35.555479], [33.271391, 35.55484], [33.271652, 35.555574], [33.272143, 35.555116], [33.271936, 35.555387], [33.271532, 35.555306], [33.27191, 35.555685], [33.271408, 35.554884]]","[[33.286467, 35.549504], [33.285581, 35.549021], [33.285714, 35.548742], [33.286389, 35.548781], [33.285651, 35.549228], [33.285968, 35.549136], [33.285802, 35.549138], [33.286049, 35.549511], [33.284434, 35.551146], [33.284611, 35.551074], [33.284612, 35.550997], [33.284804, 35.550967], [33.284054, 35.550926], [33.284343, 35.551139], [33.284078, 35.551437], [33.284174, 35.551774], [33.284548, 35.551053], [33.284238, 35.550984], [33.288706, 35.549922], [33.288475, 35.549299], [33.288422, 35.549534], [33.288237, 35.549774], [33.288784, 35.549294], [33.28894, 35.549487], [33.288372, 35.54916], [33.288988, 35.549682], [33.288446, 35.549219], [33.286768, 35.548201], [33.286872, 35.54859], [33.286644, 35.548194], [33.287505, 35.548133], [33.287313, 35.548057], [33.28669, 35.54858], [33.287017, 35.548537], [33.28681, 35.548562], [33.286652, 35.547967], [33.28696, 35.548175], [33.287244, 35.54883], [33.286981, 35.548319], [33.289624, 35.548034], [33.28948, 35.547895], [33.289169, 35.547735], [33.289632, 35.548337], [33.28927, 35.548337], [33.289854, 35.548063], [33.289564, 35.548439], [33.28952, 35.548043], [33.288969, 35.547683]]","[33.27977, 35.544616]",foe
"[[33.273102, 35.55232], [33.273377, 35.551696], [33.273427, 35.552489], [33.273674, 35.552032], [33.273508, 35.552229], [33.273118, 35.552136], [33.273537, 35.552068], [33.273132, 35.5525], [33.273656, 35.551935], [33.273513, 35.55176], [33.273235, 35.551781], [33.275532, 35.552249], [33.275485, 35.551887], [33.275911, 35.551791], [33.276197, 35.552492], [33.275795, 35.552136], [33.275607, 35.551922], [33.275994, 35.552205], [33.275532, 35.554816], [33.275114, 35.554346], [33.275275, 35.554421], [33.274958, 35.554513], [33.275502, 35.554305], [33.275373, 35.55418], [33.276029, 35.552867], [33.276406, 35.553226], [33.27594, 35.553254], [33.27609, 35.552393], [33.276671, 35.552787], [33.276777, 35.55308], [33.276057, 35.55269], [33.276047, 35.552542], [33.276115, 35.552508], [33.276174, 35.553161], [33.273279, 35.552814], [33.273398, 35.553031], [33.273394, 35.552879], [33.273135, 35.552903], [33.273272, 35.553166], [33.273146, 35.553528], [33.27398, 35.55366], [33.273538, 35.553601], [33.27358, 35.553669], [33.273838, 35.553328], [33.273753, 35.553316], [33.277729, 35.550451], [33.277279, 35.551051], [33.277154, 35.550997], [33.277964, 35.550589], [33.277369, 35.550393], [33.277979, 35.55106], [33.277511, 35.550806], [33.277809, 35.551093], [33.277247, 35.550329], [33.270284, 35.553242], [33.270538, 35.553524], [33.270438, 35.55368], [33.269774, 35.552936], [33.270372, 35.553725], [33.270444, 35.553147], [33.270101, 35.553209], [33.269813, 35.553487], [33.270336, 35.552874], [33.27027, 35.553637], [33.271868, 35.555373], [33.271553, 35.554885], [33.271363, 35.554884], [33.272006, 35.555189], [33.271431, 35.554937], [33.271798, 35.555621], [33.271412, 35.555311], [33.271313, 35.555664], [33.271325, 35.555551], [33.271861, 35.554966]]","[[33.286394, 35.549115], [33.285637, 35.54926], [33.285788, 35.549197], [33.286483, 35.548918], [33.285703, 35.54891], [33.286026, 35.548795], [33.284677, 35.551787], [33.284778, 35.55139], [33.283984, 35.550998], [33.28416, 35.551437], [33.284419, 35.550943], [33.284495, 35.55157], [33.284779, 35.551726], [33.284749, 35.551756], [33.284271, 35.551105], [33.288221, 35.549298], [33.288954, 35.549524], [33.28915, 35.549756], [33.28902, 35.549545], [33.288266, 35.549044], [33.289095, 35.549313], [33.288298, 35.549496], [33.287508, 35.548563], [33.287516, 35.548832], [33.286896, 35.548369], [33.287343, 35.548525], [33.287221, 35.548108], [33.286722, 35.548479], [33.287198, 35.548836], [33.288974, 35.548413], [33.289271, 35.548256], [33.289606, 35.548476], [33.289248, 35.547853], [33.2894, 35.548018], [33.288987, 35.54771], [33.289607, 35.54773]]","[33.284372, 35.542706]",foe
"[[33.273, 35.551936], [33.272726, 35.551403], [33.272931, 35.551091], [33.272741, 35.551209], [33.273064, 35.5518], [33.273415, 35.551863], [33.273173, 35.55141], [33.273087, 35.55136], [33.272869, 35.551923], [33.272635, 35.551129], [33.272662, 35.551068], [33.273272, 35.55188], [33.275459, 35.551791], [33.275631, 35.552474], [33.275902, 35.551702], [33.275475, 35.55209], [33.27585, 35.552242], [33.27601, 35.552275], [33.27596, 35.552571], [33.276031, 35.551822], [33.275853, 35.551751], [33.275326, 35.552548], [33.275698, 35.551883], [33.276194, 35.552493], [33.276615, 35.554427], [33.276904, 35.55411], [33.276837, 35.554702], [33.27705, 35.554607], [33.276915, 35.554802], [33.276513, 35.554388], [33.27654, 35.554766], [33.276659, 35.554373], [33.276922, 35.554335], [33.27645, 35.554865], [33.276179, 35.553043], [33.275946, 35.553378], [33.275685, 35.553102], [33.275726, 35.553166], [33.276118, 35.553421], [33.276424, 35.55245], [33.275835, 35.55324], [33.275907, 35.553265], [33.276228, 35.55309], [33.276135, 35.553075], [33.276389, 35.552707], [33.27394, 35.55281], [33.273769, 35.552875], [33.273243, 35.55326], [33.273851, 35.553101], [33.273178, 35.552894], [33.273614, 35.553143], [33.27391, 35.553441], [33.274076, 35.552688], [33.273757, 35.553031], [33.277881, 35.549906], [33.278226, 35.550311], [33.278398, 35.550239], [33.277942, 35.550635], [33.278367, 35.550247], [33.277971, 35.550724], [33.277437, 35.55057], [33.277901, 35.550526], [33.278076, 35.549894], [33.277987, 35.550278], [33.270672, 35.553701], [33.269722, 35.553628], [33.270529, 35.553331], [33.270002, 35.553136], [33.269835, 35.553629], [33.269925, 35.552893], [33.270472, 35.553641], [33.27016, 35.553013], [33.269941, 35.552949], [33.274542, 35.555739], [33.274461, 35.555115], [33.273773, 35.555317], [33.273669, 35.555249], [33.274012, 35.555438], [33.27422, 35.555229], [33.273965, 35.555749], [33.274028, 35.555199], [33.273714, 35.555046]]","[[33.286201, 35.549482], [33.285772, 35.548763], [33.285979, 35.549316], [33.286447, 35.549093], [33.286162, 35.54899], [33.285691, 35.549572], [33.285726, 35.549047], [33.285941, 35.549298], [33.285899, 35.549425], [33.285882, 35.548764], [33.286212, 35.548791], [33.284657, 35.550962], [33.284307, 35.551102], [33.284208, 35.551342], [33.284081, 35.551431], [33.284213, 35.551277], [33.284089, 35.551836], [33.284735, 35.550913], [33.284858, 35.5513], [33.284282, 35.551465], [33.288977, 35.549795], [33.28903, 35.549811], [33.288558, 35.549419], [33.288215, 35.549839], [33.288866, 35.549659], [33.288277, 35.549522], [33.288956, 35.549273], [33.288821, 35.549012], [33.288752, 35.549017], [33.288694, 35.54957], [33.288632, 35.549651], [33.288324, 35.548992], [33.286654, 35.548277], [33.287358, 35.548314], [33.287185, 35.548136], [33.286983, 35.548142], [33.28748, 35.54799], [33.2869, 35.548182], [33.286817, 35.548255], [33.286749, 35.548504], [33.287402, 35.548082], [33.286709, 35.54818], [33.287546, 35.54834], [33.286757, 35.548131], [33.288939, 35.548122], [33.289087, 35.547927], [33.289278, 35.548161], [33.2897, 35.547891], [33.289701, 35.547828], [33.28931, 35.547731], [33.288915, 35.548296], [33.289233, 35.548062], [33.289208, 35.548488], [33.289061, 35.547769], [33.289289, 35.548461], [33.289372, 35.547941]]","[33.286274, 35.54333]",foe
"[[33.273439, 35.551576], [33.273591, 35.551862], [33.272829, 35.551463], [33.27303, 35.551346], [33.273193, 35.552059], [33.273263, 35.551653], [33.273311, 35.551246], [33.273156, 35.552066], [33.273045, 35.551333], [33.273061, 35.551223], [33.273117, 35.551902], [33.275863, 35.552385], [33.276061, 35.551933], [33.275401, 35.552081], [33.27593, 35.552247], [33.276097, 35.551589], [33.276127, 35.551839], [33.275539, 35.552153], [33.276879, 35.554715], [33.276919, 35.554208], [33.277218, 35.55413], [33.277123, 35.554167], [33.277083, 35.554264], [33.276867, 35.554217], [33.276356, 35.554048], [33.27652, 35.554222], [33.276705, 35.554612], [33.276464, 35.55451], [33.277562, 35.552558], [33.278058, 35.553216], [33.27794, 35.55286], [33.277611, 35.552778], [33.277739, 35.552765], [33.277771, 35.55249], [33.273661, 35.553323], [33.273592, 35.552834], [33.273327, 35.552915], [33.273955, 35.553486], [33.273904, 35.553472], [33.273324, 35.55259], [33.280868, 35.549901], [33.280878, 35.550759], [33.280676, 35.550626], [33.280314, 35.549835], [33.280194, 35.550002], [33.280651, 35.550132], [33.28035, 35.550003], [33.280022, 35.549993], [33.280214, 35.549803], [33.280308, 35.550361], [33.280507, 35.550538], [33.270953, 35.552814], [33.270223, 35.553238], [33.270433, 35.552898], [33.270574, 35.553062], [33.27087, 35.552577], [33.270388, 35.553301], [33.274344, 35.555163], [33.274028, 35.55539], [33.27396, 35.554835], [33.273982, 35.554805], [33.273948, 35.555799], [33.274376, 35.555463]]","[[33.286063, 35.549651], [33.285979, 35.549348], [33.286273, 35.549025], [33.285582, 35.548802], [33.286249, 35.549691], [33.28578, 35.548851], [33.286571, 35.549654], [33.286433, 35.54953], [33.286066, 35.549125], [33.285689, 35.548858], [33.28609, 35.549505], [33.286066, 35.549054], [33.284799, 35.551457], [33.284849, 35.551732], [33.284572, 35.551205], [33.284021, 35.550989], [33.284174, 35.551449], [33.284708, 35.551486], [33.2884, 35.55014], [33.28827, 35.549399], [33.288223, 35.549284], [33.287966, 35.54991], [33.288858, 35.549858], [33.288095, 35.549748], [33.287313, 35.5485], [33.286713, 35.548366], [33.286756, 35.547895], [33.286872, 35.548524], [33.286863, 35.547808], [33.286701, 35.547938], [33.286878, 35.547971], [33.286954, 35.548515], [33.28697, 35.548181], [33.28714, 35.54771], [33.286657, 35.547842], [33.287379, 35.548686], [33.289133, 35.54846], [33.289441, 35.548232], [33.289546, 35.548337], [33.289025, 35.54767], [33.289774, 35.547919], [33.28898, 35.54787], [33.289524, 35.548125], [33.289659, 35.54828], [33.289694, 35.547664], [33.289009, 35.547732]]","[33.267505, 35.560116]",friend
"[[33.273003, 35.551346], [33.273606, 35.552075], [33.273052, 35.551232], [33.273137, 35.551822], [33.272754, 35.551727], [33.273409, 35.55139], [33.273031, 35.551972], [33.273607, 35.551558], [33.273488, 35.551607], [33.273284, 35.551916], [33.273273, 35.55128], [33.273085, 35.551446], [33.275358, 35.551697], [33.276047, 35.551927], [33.275377, 35.552382], [33.276156, 35.552183], [33.275571, 35.552333], [33.275604, 35.552135], [33.276068, 35.552521], [33.278504, 35.554499], [33.279087, 35.554941], [33.27863, 35.554477], [33.279007, 35.554525], [33.279299, 35.554489], [33.279188, 35.554362], [33.278429, 35.552963], [33.277716, 35.553182], [33.278391, 35.552605], [33.278261, 35.552905], [33.277738, 35.553279], [33.277599, 35.553369], [33.277911, 35.553358], [33.277781, 35.552881], [33.277607, 35.552669], [33.27808, 35.552764], [33.275493, 35.552994], [33.275404, 35.552341], [33.275161, 35.55254], [33.275027, 35.55306], [33.275116, 35.553147], [33.27502, 35.552172], [33.275377, 35.553145], [33.275031, 35.552874], [33.280138, 35.550611], [33.27997, 35.549936], [33.280291, 35.550233], [33.28091, 35.550036], [33.280121, 35.550125], [33.280196, 35.550541], [33.280238, 35.550682], [33.280144, 35.550285], [33.2805, 35.550196], [33.279986, 35.550456], [33.280776, 35.550328], [33.270844, 35.552644], [33.26995, 35.552862], [33.270774, 35.552982], [33.270637, 35.553144], [33.270007, 35.553123], [33.27006, 35.553278], [33.270816, 35.552452], [33.270827, 35.552992], [33.270497, 35.552426], [33.270244, 35.552551], [33.270438, 35.552353], [33.275384, 35.55579], [33.275555, 35.555226], [33.275968, 35.554852], [33.275546, 35.555736], [33.275474, 35.554966], [33.275609, 35.555792], [33.275275, 35.555798], [33.27571, 35.555382], [33.275347, 35.555371], [33.275568, 35.555331], [33.276042, 35.554932]]","[[33.286305, 35.549428], [33.285808, 35.54898], [33.285825, 35.548937], [33.286349, 35.549052], [33.285932, 35.548936], [33.285787, 35.549155], [33.28572, 35.549304], [33.286552, 35.549663], [33.286404, 35.54894], [33.284787, 35.551856], [33.284901, 35.551309], [33.284137, 35.551636], [33.284144, 35.551052], [33.284701, 35.551301], [33.284778, 35.5511], [33.284832, 35.551653], [33.288189, 35.549669], [33.288003, 35.550385], [33.28858, 35.549758], [33.288093, 35.55041], [33.288441, 35.549795], [33.288113, 35.549766], [33.288431, 35.549947], [33.288622, 35.54971], [33.288478, 35.550336], [33.28876, 35.550343], [33.287532, 35.548369], [33.287439, 35.548629], [33.287257, 35.547851], [33.287596, 35.548387], [33.286811, 35.548699], [33.287634, 35.547736], [33.289698, 35.548192], [33.28995, 35.548099], [33.289817, 35.54762], [33.290058, 35.547866], [33.289902, 35.548], [33.2896, 35.547527], [33.289242, 35.547274]]","[33.290002, 35.543072]",foe
"[[33.275484, 35.551583], [33.275654, 35.551191], [33.275322, 35.551554], [33.275676, 35.551831], [33.274873, 35.55149], [33.275129, 35.551459], [33.275392, 35.551335], [33.275415, 35.551383], [33.275694, 35.551439], [33.274946, 35.551907], [33.27536, 35.551147], [33.277836, 35.551936], [33.277789, 35.551948], [33.277477, 35.55182], [33.278114, 35.551461], [33.277315, 35.551279], [33.277566, 35.551411], [33.277488, 35.551492], [33.277865, 35.552025], [33.277418, 35.551741], [33.278017, 35.551772], [33.277682, 35.551936], [33.277425, 35.551877], [33.280842, 35.554585], [33.280903, 35.554799], [33.281517, 35.554594], [33.281551, 35.554108], [33.281577, 35.554437], [33.281082, 35.554658], [33.28102, 35.55485], [33.280708, 35.554057], [33.281088, 35.554883], [33.278085, 35.553071], [33.278228, 35.552521], [33.278094, 35.552517], [33.278361, 35.553418], [33.278308, 35.553184], [33.278421, 35.552938], [33.278317, 35.553181], [33.277643, 35.552993], [33.27839, 35.553051], [33.275529, 35.552169], [33.275317, 35.552185], [33.274958, 35.552524], [33.275435, 35.55259], [33.274822, 35.552785], [33.275164, 35.553091], [33.275459, 35.552211], [33.275357, 35.552625], [33.28045, 35.55074], [33.280685, 35.550642], [33.280041, 35.549975], [33.280596, 35.550128], [33.28005, 35.55049], [33.280718, 35.550387], [33.280024, 35.55077], [33.280557, 35.549805], [33.280032, 35.550593], [33.280766, 35.54998], [33.280312, 35.549929], [33.270459, 35.553115], [33.270988, 35.552939], [33.270737, 35.552595], [33.270577, 35.552905], [33.270205, 35.552339], [33.270362, 35.552937], [33.270709, 35.553083], [33.275907, 35.555603], [33.275611, 35.555127], [33.275695, 35.554992], [33.275741, 35.554886], [33.275864, 35.554989], [33.275434, 35.555219], [33.275678, 35.5555], [33.275567, 35.55542], [33.275729, 35.554924], [33.27557, 35.555583]]","[[33.285992, 35.548806], [33.286429, 35.548835], [33.286303, 35.549176], [33.286242, 35.549411], [33.28632, 35.549375], [33.286313, 35.549292], [33.285939, 35.5492], [33.286516, 35.548936], [33.285675, 35.54925], [33.284357, 35.551932], [33.284318, 35.551946], [33.284562, 35.551416], [33.284174, 35.55206], [33.284513, 35.552198], [33.284458, 35.551481], [33.284585, 35.551833], [33.284315, 35.552282], [33.288625, 35.549679], [33.288339, 35.549662], [33.288006, 35.550403], [33.28797, 35.54979], [33.288625, 35.54989], [33.288169, 35.549985], [33.288284, 35.550306], [33.288666, 35.549654], [33.28837, 35.549836], [33.287314, 35.54778], [33.287222, 35.548478], [33.287371, 35.548516], [33.286714, 35.548549], [33.286967, 35.548112], [33.286824, 35.548422], [33.287322, 35.547905], [33.286994, 35.548704], [33.286897, 35.54852], [33.289988, 35.547392], [33.290386, 35.547331], [33.289852, 35.54755], [33.289598, 35.547729], [33.289453, 35.547484], [33.290009, 35.547293], [33.289932, 35.547724]]","[33.268811, 35.555877]",foe
"[[33.277815, 35.551463], [33.277494, 35.551974], [33.278038, 35.551854], [33.277699, 35.551378], [33.277686, 35.552044], [33.277546, 35.551698], [33.277797, 35.551549], [33.277514, 35.551942], [33.27765, 35.551908], [33.277497, 35.551672], [33.277843, 35.551358], [33.280596, 35.55118], [33.280228, 35.551305], [33.28016, 35.551572], [33.280493, 35.551012], [33.279944, 35.551432], [33.279665, 35.551682], [33.28055, 35.551092], [33.279657, 35.550847], [33.280533, 35.550774], [33.280274, 35.550885], [33.27983, 35.551269], [33.28011, 35.551379], [33.281427, 35.55472], [33.280804, 35.554613], [33.281254, 35.554656], [33.280649, 35.554765], [33.281075, 35.554121], [33.28105, 35.553981], [33.280756, 35.554576], [33.281563, 35.553994], [33.281444, 35.554876], [33.281168, 35.554331], [33.280646, 35.55412], [33.278321, 35.552581], [33.277989, 35.55246], [33.277477, 35.552558], [33.277593, 35.552443], [33.277473, 35.55329], [33.277866, 35.552584], [33.277843, 35.553335], [33.278138, 35.552683], [33.277727, 35.553063], [33.278203, 35.553236], [33.277247, 35.552999], [33.277824, 35.552742], [33.277998, 35.552381], [33.277765, 35.553125], [33.277894, 35.553161], [33.277609, 35.552312], [33.277592, 35.553095], [33.28002, 35.549998], [33.280569, 35.55075], [33.280379, 35.550311], [33.280184, 35.549954], [33.280553, 35.550713], [33.280072, 35.550188], [33.280366, 35.550481], [33.280024, 35.550532], [33.270042, 35.552813], [33.270151, 35.552768], [33.270317, 35.552355], [33.270421, 35.551955], [33.269957, 35.552625], [33.270444, 35.551869], [33.270429, 35.552199], [33.269702, 35.552513], [33.275959, 35.554831], [33.276081, 35.555647], [33.275928, 35.554906], [33.276229, 35.555321], [33.275939, 35.555382], [33.276114, 35.555781], [33.27578, 35.555302], [33.276171, 35.555653]]","[[33.285869, 35.549384], [33.286384, 35.548826], [33.28641, 35.548807], [33.285787, 35.548883], [33.286194, 35.549533], [33.285935, 35.549605], [33.285593, 35.549227], [33.286028, 35.549295], [33.285624, 35.549483], [33.286249, 35.548982], [33.286038, 35.549016], [33.284837, 35.55226], [33.284244, 35.55144], [33.284571, 35.551948], [33.283925, 35.551959], [33.284623, 35.551941], [33.284357, 35.552227], [33.284524, 35.551643], [33.284837, 35.551417], [33.283994, 35.551995], [33.284591, 35.551596], [33.284056, 35.551929], [33.288524, 35.549899], [33.288261, 35.549553], [33.288109, 35.54944], [33.288677, 35.550185], [33.288779, 35.549595], [33.288406, 35.549456], [33.28828, 35.549755], [33.288394, 35.549554], [33.288549, 35.55036], [33.287122, 35.547835], [33.287538, 35.548098], [33.2868, 35.547945], [33.287413, 35.548115], [33.287123, 35.548042], [33.2867, 35.548679], [33.287226, 35.54772], [33.287137, 35.547783], [33.290041, 35.547535], [33.290371, 35.54749], [33.290384, 35.547736], [33.290505, 35.547387], [33.289769, 35.547603], [33.289689, 35.547462], [33.289882, 35.547233], [33.289705, 35.547908], [33.290045, 35.548034], [33.290529, 35.547539], [33.289833, 35.547688], [33.290675, 35.54787]]","[33.264945, 35.543953]",friend
"[[33.277933, 35.551333], [33.278109, 35.551389], [33.277739, 35.552017], [33.277292, 35.552053], [33.277133, 35.551407], [33.277455, 35.551413], [33.277649, 35.552025], [33.277829, 35.551741], [33.277212, 35.551123], [33.277191, 35.551741], [33.277987, 35.551639], [33.277204, 35.551973], [33.279792, 35.551225], [33.280287, 35.551238], [33.28015, 35.551326], [33.280132, 35.550738], [33.280188, 35.55154], [33.279742, 35.550858], [33.280096, 35.551103], [33.280529, 35.551497], [33.281064, 35.554015], [33.281658, 35.55387], [33.281014, 35.554336], [33.280843, 35.554442], [33.281084, 35.554451], [33.281372, 35.553744], [33.277937, 35.552558], [33.277986, 35.552441], [33.27817, 35.553144], [33.277789, 35.552535], [33.277657, 35.553014], [33.277778, 35.553024], [33.278309, 35.553072], [33.277684, 35.553429], [33.277668, 35.552472], [33.278011, 35.553262], [33.277504, 35.55309], [33.277325, 35.553112], [33.277767, 35.553016], [33.277682, 35.552366], [33.277827, 35.552306], [33.278027, 35.552581], [33.277447, 35.552943], [33.280323, 35.549925], [33.280157, 35.550291], [33.280541, 35.549866], [33.280096, 35.550204], [33.280559, 35.549923], [33.280617, 35.549964], [33.279955, 35.549969], [33.280136, 35.54982], [33.280504, 35.55055], [33.270362, 35.551877], [33.269793, 35.552132], [33.270016, 35.552701], [33.270103, 35.552293], [33.270065, 35.552796], [33.269895, 35.552479], [33.270306, 35.552375], [33.275349, 35.555242], [33.275597, 35.554517], [33.27602, 35.554913], [33.275727, 35.554454], [33.275377, 35.554715], [33.275762, 35.554795], [33.275567, 35.554638], [33.276199, 35.555171], [33.275723, 35.555273]]","[[33.285789, 35.549046], [33.286066, 35.54968], [33.285587, 35.549179], [33.286495, 35.549344], [33.285852, 35.549042], [33.286461, 35.549554], [33.286158, 35.549241], [33.286138, 35.549133], [33.285664, 35.549117], [33.285591, 35.549031], [33.283959, 35.551664], [33.28385, 35.551536], [33.284739, 35.55172], [33.284265, 35.552087], [33.284122, 35.551717], [33.283951, 35.551717], [33.284386, 35.551614], [33.288178, 35.550255], [33.287903, 35.550278], [33.28845, 35.550083], [33.288187, 35.549547], [33.288361, 35.5501], [33.288242, 35.54948], [33.288217, 35.549575], [33.287983, 35.549924], [33.288177, 35.549729], [33.288711, 35.549879], [33.288432, 35.549613], [33.288335, 35.550083], [33.287496, 35.548552], [33.287597, 35.54843], [33.286797, 35.548555], [33.287491, 35.548463], [33.2876, 35.547904], [33.28686, 35.547748], [33.28677, 35.547745], [33.287308, 35.548208], [33.286803, 35.548334], [33.287361, 35.548472], [33.286939, 35.547776], [33.287305, 35.547918], [33.290528, 35.547236], [33.290154, 35.547278], [33.289702, 35.547182], [33.289581, 35.547146], [33.290108, 35.547621], [33.289795, 35.547535]]","[33.265077, 35.544514]",friend
"[[33.279127, 35.551871], [33.278963, 35.551419], [33.279578, 35.55133], [33.279109, 35.551989], [33.278992, 35.552264], [33.278653, 35.552181], [33.279051, 35.552038], [33.279516, 35.551825], [33.279423, 35.55205], [33.27925, 35.552237], [33.282803, 35.551001], [33.282484, 35.551237], [33.282754, 35.550978], [33.282911, 35.551056], [33.282845, 35.551497], [33.28255, 35.550746], [33.282199, 35.550754], [33.282794, 35.551423], [33.282974, 35.551223], [33.282642, 35.550735], [33.281534, 35.554571], [33.281315, 35.55372], [33.281716, 35.553772], [33.280812, 35.554313], [33.2817, 35.554195], [33.281471, 35.554502], [33.280879, 35.554362], [33.281442, 35.553824], [33.281338, 35.553911], [33.281686, 35.554204], [33.277904, 35.552522], [33.278288, 35.552468], [33.277846, 35.552867], [33.278144, 35.552962], [33.277943, 35.553264], [33.278385, 35.552698], [33.277922, 35.552556], [33.27783, 35.552672], [33.278081, 35.552333], [33.277501, 35.553005], [33.277548, 35.552355], [33.277594, 35.552418], [33.277892, 35.552772], [33.277962, 35.552557], [33.280643, 35.550476], [33.280656, 35.550119], [33.280032, 35.550593], [33.280331, 35.550012], [33.280511, 35.549967], [33.279762, 35.550599], [33.280429, 35.549768], [33.280664, 35.55058], [33.280387, 35.550411], [33.279855, 35.550682], [33.272098, 35.552183], [33.272431, 35.552375], [33.27205, 35.552478], [33.27247, 35.552624], [33.272129, 35.552061], [33.272655, 35.551978], [33.272589, 35.552552], [33.27188, 35.552197], [33.272281, 35.552003], [33.272029, 35.552774], [33.272404, 35.551849], [33.272272, 35.552774], [33.275794, 35.55501], [33.275462, 35.555269], [33.275213, 35.554891], [33.275671, 35.555398], [33.275405, 35.554988], [33.275883, 35.554681], [33.275503, 35.555153], [33.275264, 35.554437], [33.275791, 35.554947], [33.275409, 35.555303]]","[[33.286563, 35.549328], [33.28616, 35.549509], [33.286476, 35.549639], [33.285921, 35.549522], [33.28577, 35.549642], [33.285674, 35.549532], [33.285957, 35.549609], [33.286113, 35.548799], [33.286144, 35.549232], [33.284168, 35.5516], [33.284086, 35.551579], [33.284074, 35.552225], [33.284389, 35.551331], [33.28476, 35.551887], [33.284113, 35.551851], [33.283884, 35.551562], [33.284121, 35.552198], [33.28452, 35.551498], [33.284216, 35.552172], [33.284058, 35.551513], [33.284402, 35.551923], [33.288417, 35.550232], [33.288346, 35.549671], [33.288147, 35.549754], [33.288743, 35.550253], [33.288015, 35.55006], [33.288338, 35.550045], [33.288737, 35.549769], [33.288295, 35.549739], [33.288696, 35.549795], [33.28706, 35.54788], [33.28757, 35.548126], [33.287031, 35.548264], [33.287454, 35.547758], [33.287599, 35.547812], [33.286761, 35.547712], [33.286684, 35.548557], [33.287338, 35.548505], [33.287197, 35.548332], [33.287337, 35.547846], [33.287478, 35.548536], [33.286994, 35.54838], [33.290363, 35.547281], [33.289999, 35.547683], [33.290141, 35.548075], [33.29062, 35.547698], [33.290002, 35.547911], [33.289856, 35.547656], [33.290214, 35.54728], [33.28987, 35.547295], [33.290356, 35.547396], [33.290323, 35.547945], [33.29028, 35.548139]]","[33.284924, 35.557319]",friend
"[[33.278862, 35.551971], [33.279408, 35.551442], [33.278957, 35.551396], [33.279232, 35.552142], [33.278978, 35.551306], [33.279447, 35.552128], [33.279425, 35.551831], [33.279421, 35.552102], [33.278935, 35.551735], [33.279275, 35.551314], [33.279146, 35.55133], [33.282938, 35.550996], [33.282797, 35.550795], [33.282169, 35.551567], [33.282495, 35.551388], [33.282138, 35.550797], [33.282498, 35.551363], [33.282744, 35.551535], [33.283026, 35.551519], [33.282491, 35.551135], [33.282943, 35.550938], [33.2831, 35.551337], [33.282962, 35.550912], [33.281327, 35.553843], [33.28099, 35.553448], [33.281131, 35.553768], [33.281337, 35.553987], [33.281569, 35.553936], [33.281177, 35.553572], [33.281075, 35.553453], [33.281221, 35.554402], [33.278335, 35.55288], [33.277915, 35.552716], [33.277608, 35.553291], [33.277764, 35.552719], [33.277866, 35.553036], [33.277779, 35.552528], [33.278417, 35.552961], [33.277807, 35.552645], [33.277694, 35.552698], [33.278137, 35.552877], [33.277864, 35.553005], [33.278059, 35.552921], [33.277412, 35.552518], [33.27729, 35.552439], [33.282065, 35.549415], [33.282214, 35.5501], [33.282081, 35.549714], [33.281984, 35.549736], [33.282633, 35.549369], [33.282722, 35.550103], [33.28277, 35.549553], [33.282061, 35.549387], [33.282491, 35.550156], [33.272323, 35.552103], [33.271925, 35.552411], [33.272223, 35.5522], [33.272689, 35.5522], [33.27256, 35.552301], [33.272436, 35.552437], [33.272446, 35.552738], [33.272273, 35.551987], [33.275102, 35.554433], [33.27552, 35.555008], [33.275351, 35.55528], [33.27513, 35.554525], [33.275666, 35.554939], [33.275653, 35.554733], [33.275494, 35.554898], [33.275505, 35.554993], [33.275997, 35.554908], [33.275998, 35.555332], [33.275765, 35.555162], [33.275995, 35.555025]]","[[33.285999, 35.54951], [33.286493, 35.548921], [33.285844, 35.549421], [33.286133, 35.549339], [33.285668, 35.54897], [33.285985, 35.548825], [33.286228, 35.549344], [33.284053, 35.55196], [33.28465, 35.551311], [33.284535, 35.551592], [33.284649, 35.551746], [33.28397, 35.55149], [33.284089, 35.552026], [33.284166, 35.551367], [33.284511, 35.552094], [33.284793, 35.551548], [33.288518, 35.54961], [33.288634, 35.550314], [33.287967, 35.549757], [33.288092, 35.550301], [33.288066, 35.550082], [33.288779, 35.550342], [33.288359, 35.549979], [33.286723, 35.547708], [33.286911, 35.547853], [33.287247, 35.548109], [33.286664, 35.548222], [33.287396, 35.548309], [33.287437, 35.548276], [33.286848, 35.548505], [33.28724, 35.548316], [33.286733, 35.548652], [33.290158, 35.54795], [33.289978, 35.547958], [33.290751, 35.547978], [33.290686, 35.547736], [33.29075, 35.54724], [33.290224, 35.547551], [33.290307, 35.547821], [33.290282, 35.547718], [33.290244, 35.548165], [33.289868, 35.547484]]","[33.285179, 35.558916]",friend
"[[33.279411, 35.552293], [33.27932, 35.552191], [33.279535, 35.551375], [33.279394, 35.551602], [33.279159, 35.551893], [33.279441, 35.552286], [33.282045, 35.55107], [33.28229, 35.55087], [33.282818, 35.550727], [33.282869, 35.550633], [33.282134, 35.550941], [33.282895, 35.551285], [33.282868, 35.551218], [33.28242, 35.550925], [33.282878, 35.551533], [33.282253, 35.551553], [33.282333, 35.551513], [33.2813, 35.553865], [33.2811, 35.553503], [33.281216, 35.553686], [33.281197, 35.554351], [33.281103, 35.554237], [33.280761, 35.554165], [33.280842, 35.553752], [33.281454, 35.554179], [33.280905, 35.553917], [33.281704, 35.553894], [33.281399, 35.553603], [33.281453, 35.55403], [33.280324, 35.552678], [33.280032, 35.552874], [33.279899, 35.553217], [33.280388, 35.552865], [33.27982, 35.553125], [33.280287, 35.55271], [33.279748, 35.552518], [33.280262, 35.553092], [33.277268, 35.552381], [33.277722, 35.552378], [33.277482, 35.552256], [33.277479, 35.552672], [33.277427, 35.5523], [33.278037, 35.552484], [33.27736, 35.552641], [33.277866, 35.553073], [33.27739, 35.552901], [33.278093, 35.552214], [33.27739, 35.552339], [33.284258, 35.549512], [33.284876, 35.549354], [33.284545, 35.54948], [33.284176, 35.549373], [33.28452, 35.549958], [33.284468, 35.549394], [33.284902, 35.54991], [33.284927, 35.549707], [33.284659, 35.549754], [33.272756, 35.552443], [33.27253, 35.552594], [33.272213, 35.552504], [33.272709, 35.552683], [33.272268, 35.552687], [33.272686, 35.551892], [33.272336, 35.552137], [33.272117, 35.551945], [33.272266, 35.552702], [33.275701, 35.554956], [33.275355, 35.554881], [33.275355, 35.554929], [33.275786, 35.554367], [33.27603, 35.555234], [33.276058, 35.554807], [33.275251, 35.555184], [33.276118, 35.55437], [33.275889, 35.554333], [33.276225, 35.555223]]","[[33.286531, 35.548807], [33.285801, 35.549635], [33.28641, 35.549508], [33.285902, 35.54938], [33.285884, 35.54937], [33.28645, 35.548957], [33.286032, 35.54946], [33.28568, 35.54874], [33.286133, 35.548781], [33.285849, 35.549037], [33.288843, 35.550097], [33.288644, 35.549956], [33.288197, 35.550303], [33.288369, 35.549895], [33.28852, 35.550239], [33.288451, 35.550407], [33.290169, 35.547358], [33.290259, 35.547759], [33.289805, 35.547501], [33.28985, 35.547317], [33.29058, 35.547455], [33.290007, 35.547361], [33.290404, 35.547395], [33.290066, 35.547997], [33.290123, 35.547532], [33.289787, 35.547836], [33.289953, 35.547306]]","[33.289882, 35.548078]",foe
"[[33.279297, 35.552167], [33.278758, 35.551505], [33.2795, 35.551405], [33.278749, 35.551536], [33.279466, 35.552136], [33.279002, 35.551979], [33.279478, 35.55186], [33.284389, 35.55092], [33.284191, 35.55109], [33.284077, 35.550672], [33.283737, 35.551107], [33.284305, 35.551155], [33.284547, 35.551075], [33.284018, 35.551193], [33.283947, 35.551059], [33.28407, 35.550981], [33.281559, 35.553907], [33.281648, 35.554387], [33.281454, 35.553636], [33.280975, 35.554291], [33.28159, 35.554182], [33.281664, 35.553761], [33.281192, 35.554323], [33.280719, 35.55361], [33.280443, 35.552883], [33.279682, 35.552748], [33.279794, 35.55327], [33.279928, 35.553188], [33.280211, 35.553199], [33.279562, 35.553024], [33.280061, 35.55334], [33.279804, 35.552972], [33.28016, 35.552697], [33.280003, 35.552557], [33.27727, 35.55216], [33.277674, 35.552124], [33.277868, 35.55278], [33.278189, 35.552166], [33.277302, 35.552708], [33.277357, 35.552744], [33.277246, 35.553092], [33.277397, 35.552962], [33.277692, 35.552203], [33.277944, 35.552554], [33.28673, 35.549792], [33.286465, 35.549374], [33.287198, 35.549299], [33.286233, 35.549741], [33.286808, 35.549998], [33.286393, 35.54927], [33.286933, 35.549293], [33.287204, 35.549509], [33.286789, 35.549787], [33.286444, 35.549491], [33.28661, 35.549773], [33.272238, 35.551916], [33.271765, 35.551971], [33.272284, 35.552158], [33.272301, 35.551799], [33.272077, 35.551666], [33.271578, 35.551855], [33.272218, 35.552284], [33.271622, 35.552082], [33.272244, 35.552297], [33.27231, 35.551868], [33.272101, 35.552111], [33.278012, 35.554933], [33.278399, 35.554494], [33.278439, 35.554666], [33.277862, 35.555279], [33.278033, 35.555243], [33.27832, 35.555059], [33.278123, 35.554792]]","[[33.285632, 35.549399], [33.285875, 35.54878], [33.286397, 35.548739], [33.286339, 35.54887], [33.286036, 35.54913], [33.286195, 35.549355], [33.285758, 35.549481], [33.285931, 35.549595], [33.288219, 35.550096], [33.287988, 35.549488], [33.288475, 35.549492], [33.288261, 35.550328], [33.288472, 35.550166], [33.287883, 35.549938], [33.288404, 35.549727], [33.28816, 35.550043]]","[33.271024, 35.558884]",friend
"[[33.280913, 35.551465], [33.280632, 35.551333], [33.281131, 35.551765], [33.281159, 35.551359], [33.280559, 35.551648], [33.281197, 35.551408], [33.280876, 35.551904], [33.281048, 35.5516], [33.284036, 35.55105], [33.284194, 35.551116], [33.283772, 35.550975], [33.284543, 35.551399], [33.28407, 35.551045], [33.284668, 35.551251], [33.284329, 35.550795], [33.280735, 35.554075], [33.281649, 35.553878], [33.281572, 35.553864], [33.280968, 35.553689], [33.28128, 35.554202], [33.280791, 35.554257], [33.281545, 35.553756], [33.280992, 35.553599], [33.281079, 35.553636], [33.28129, 35.554163], [33.28124, 35.554389], [33.280066, 35.552441], [33.279472, 35.552972], [33.280038, 35.552038], [33.279984, 35.552346], [33.279815, 35.552639], [33.279899, 35.552391], [33.28017, 35.552909], [33.279593, 35.552953], [33.280095, 35.552763], [33.278262, 35.552914], [33.277879, 35.552744], [33.278069, 35.552245], [33.278044, 35.552701], [33.277335, 35.552886], [33.277328, 35.552513], [33.277639, 35.552593], [33.277281, 35.552494], [33.277756, 35.552108], [33.28638, 35.549374], [33.286864, 35.550205], [33.287207, 35.549313], [33.286875, 35.549401], [33.286518, 35.54971], [33.286513, 35.550249], [33.286273, 35.550109], [33.286382, 35.549437], [33.286797, 35.549305], [33.286987, 35.550221], [33.286411, 35.549714], [33.271484, 35.552097], [33.271859, 35.551544], [33.272067, 35.551584], [33.271601, 35.551948], [33.271949, 35.55219], [33.271667, 35.552196], [33.271581, 35.551958], [33.27832, 35.554829], [33.278043, 35.554332], [33.27812, 35.555285], [33.278588, 35.554491], [33.278103, 35.554491], [33.277977, 35.55435], [33.278539, 35.554564], [33.278307, 35.554935], [33.277697, 35.554601], [33.278361, 35.554975], [33.27766, 35.55443], [33.278233, 35.554423]]","[[33.286191, 35.54888], [33.286726, 35.548796], [33.286546, 35.549554], [33.286953, 35.548897], [33.286026, 35.549121], [33.28658, 35.548855], [33.286641, 35.549039], [33.288669, 35.550069], [33.288593, 35.5496], [33.288271, 35.550181], [33.288071, 35.549454], [33.287965, 35.550207], [33.287897, 35.549636], [33.28867, 35.549948], [33.287904, 35.549664], [33.288059, 35.549512], [33.28791, 35.550386], [33.288484, 35.55004]]","[33.26925, 35.54464]",foe
"[[33.282411, 35.551512], [33.28228, 35.551486], [33.282696, 35.551865], [33.282463, 35.552257], [33.282963, 35.551666], [33.282777, 35.552169], [33.282582, 35.551945], [33.282314, 35.551831], [33.282213, 35.552261], [33.282371, 35.551777], [33.282566, 35.551839], [33.284399, 35.550677], [33.283752, 35.551222], [33.283747, 35.550676], [33.283722, 35.551568], [33.283807, 35.551051], [33.284699, 35.55098], [33.284298, 35.551317], [33.284433, 35.551289], [33.284631, 35.550922], [33.284434, 35.551332], [33.281027, 35.55362], [33.281552, 35.553573], [33.280845, 35.554304], [33.281316, 35.553724], [33.280885, 35.554088], [33.281395, 35.553995], [33.281442, 35.553514], [33.281422, 35.554241], [33.281425, 35.554024], [33.28088, 35.55435], [33.280874, 35.553508], [33.282391, 35.552588], [33.2824, 35.552227], [33.282615, 35.552283], [33.282475, 35.552319], [33.282357, 35.552048], [33.282585, 35.55261], [33.282136, 35.552501], [33.282207, 35.552377], [33.28224, 35.552982], [33.277312, 35.552252], [33.277686, 35.552252], [33.27735, 35.552416], [33.278177, 35.552958], [33.277563, 35.552136], [33.277529, 35.552236], [33.277366, 35.552845], [33.277801, 35.552805], [33.278036, 35.552205], [33.277941, 35.552676], [33.278276, 35.55289], [33.277583, 35.552601], [33.286893, 35.549439], [33.287182, 35.549446], [33.286391, 35.55022], [33.286914, 35.549449], [33.287091, 35.55024], [33.286762, 35.549291], [33.286531, 35.550134], [33.286571, 35.549302], [33.286905, 35.550034], [33.272258, 35.551465], [33.272051, 35.552247], [33.271918, 35.552254], [33.271589, 35.552178], [33.272062, 35.551813], [33.271969, 35.552047], [33.278414, 35.55492], [33.277802, 35.55492], [33.277822, 35.554187], [33.277697, 35.55501], [33.277739, 35.554904], [33.277693, 35.554815], [33.278094, 35.555011], [33.278159, 35.554488], [33.278369, 35.554359], [33.278227, 35.554296]]","[[33.286499, 35.549063], [33.286574, 35.549025], [33.286894, 35.548666], [33.286729, 35.548706], [33.286934, 35.548596], [33.286916, 35.548701], [33.286857, 35.549053], [33.286229, 35.54861], [33.288084, 35.550443], [33.28789, 35.550251], [33.288266, 35.54956], [33.287787, 35.549595], [33.2878, 35.5502], [33.28873, 35.550003]]","[33.267764, 35.556551]",friend
"[[33.282258, 35.552074], [33.282849, 35.551854], [33.282026, 35.551978], [33.282037, 35.551974], [33.282735, 35.55182], [33.281994, 35.551519], [33.282568, 35.551599], [33.281977, 35.552146], [33.282312, 35.551485], [33.283934, 35.550728], [33.283886, 35.551551], [33.284262, 35.551532], [33.283777, 35.551435], [33.283817, 35.551227], [33.283756, 35.550981], [33.283797, 35.550932], [33.28468, 35.551172], [33.283745, 35.55147], [33.283971, 35.55071], [33.284434, 35.55127], [33.284078, 35.550882], [33.281083, 35.5542], [33.281164, 35.553906], [33.281, 35.554092], [33.281464, 35.553795], [33.281487, 35.554211], [33.281332, 35.554182], [33.281055, 35.553472], [33.281618, 35.553572], [33.28091, 35.554001], [33.28147, 35.553746], [33.281771, 35.552615], [33.281927, 35.552217], [33.282134, 35.552362], [33.281763, 35.55225], [33.282362, 35.552332], [33.282271, 35.552782], [33.282364, 35.552889], [33.282142, 35.55226], [33.282334, 35.552054], [33.27743, 35.552375], [33.27794, 35.552183], [33.277825, 35.552676], [33.277718, 35.552884], [33.277791, 35.552358], [33.277466, 35.55255], [33.27754, 35.552412], [33.277649, 35.552397], [33.278156, 35.552577], [33.278057, 35.552288], [33.27794, 35.552198], [33.286629, 35.549606], [33.286631, 35.549289], [33.286525, 35.549295], [33.287013, 35.550256], [33.286713, 35.549849], [33.286668, 35.549467], [33.287192, 35.550234], [33.286606, 35.549549], [33.286318, 35.549317], [33.286526, 35.549534], [33.286736, 35.549297], [33.286841, 35.549827], [33.272627, 35.552368], [33.272201, 35.552434], [33.271945, 35.551571], [33.271984, 35.552089], [33.272322, 35.551952], [33.271995, 35.552035], [33.272465, 35.552139], [33.272119, 35.55213], [33.272374, 35.552244], [33.277773, 35.554717], [33.278137, 35.554687], [33.278455, 35.555017], [33.278014, 35.554926], [33.277659, 35.554402], [33.278562, 35.554992]]","[[33.286317, 35.548684], [33.286296, 35.549062], [33.286822, 35.548614], [33.286241, 35.549495], [33.286621, 35.549357], [33.286487, 35.548641], [33.286005, 35.549238], [33.286904, 35.54906], [33.28611, 35.54884], [33.286863, 35.549338]]","[33.281248, 35.561487]",friend
"[[33.282292, 35.551598], [33.282907, 35.552171], [33.282964, 35.551422], [33.282259, 35.552096], [33.282937, 35.551572], [33.282488, 35.551876], [33.285113, 35.550512], [33.284475, 35.550931], [33.284583, 35.550217], [33.285067, 35.550948], [33.28431, 35.550364], [33.285078, 35.550277], [33.28437, 35.550462], [33.284472, 35.550572], [33.285088, 35.55115], [33.281196, 35.553446], [33.281377, 35.554345], [33.281575, 35.553476], [33.280931, 35.553498], [33.280923, 35.553487], [33.281282, 35.554159], [33.282762, 35.552618], [33.282044, 35.551993], [33.281861, 35.552014], [33.282584, 35.552782], [33.282113, 35.552647], [33.282029, 35.552361], [33.282764, 35.552172], [33.282577, 35.552209], [33.282065, 35.552765], [33.282725, 35.552665], [33.279366, 35.552727], [33.279418, 35.552527], [33.279364, 35.552777], [33.279102, 35.552944], [33.278988, 35.552505], [33.278502, 35.552773], [33.278789, 35.552592], [33.278559, 35.552963], [33.279245, 35.552902], [33.286929, 35.550141], [33.28638, 35.550212], [33.286355, 35.549646], [33.286832, 35.549427], [33.286534, 35.549389], [33.286518, 35.549569], [33.28716, 35.550158], [33.286232, 35.549587], [33.286747, 35.549784], [33.286459, 35.549695], [33.271932, 35.551634], [33.272216, 35.552024], [33.272209, 35.552016], [33.272673, 35.552091], [33.272038, 35.552157], [33.272795, 35.552395], [33.272351, 35.552093], [33.272031, 35.552251], [33.278201, 35.554297], [33.277855, 35.55496], [33.278202, 35.554774], [33.27814, 35.554492], [33.277678, 35.554135], [33.278086, 35.5545], [33.278576, 35.554755], [33.277945, 35.555111], [33.278127, 35.554729], [33.278007, 35.554275]]","[[33.286484, 35.549243], [33.286819, 35.549531], [33.286308, 35.549137], [33.286845, 35.549172], [33.286357, 35.549075], [33.286562, 35.549027]]","[33.281223, 35.557843]",friend
"[[33.28182, 35.552353], [33.282012, 35.551777], [33.282213, 35.552284], [33.281865, 35.552249], [33.281817, 35.5522], [33.282634, 35.551514], [33.282106, 35.551793], [33.28478, 35.550464], [33.284243, 35.551061], [33.284457, 35.550949], [33.284539, 35.550938], [33.285062, 35.551111], [33.284256, 35.550633], [33.28507, 35.550947], [33.284569, 35.550866], [33.284411, 35.550164], [33.283676, 35.554151], [33.283893, 35.553969], [33.283533, 35.553866], [33.28359, 35.553887], [33.283778, 35.55382], [33.284069, 35.554216], [33.283875, 35.554092], [33.283166, 35.554323], [33.283142, 35.554244], [33.283162, 35.554318], [33.283518, 35.553449], [33.28448, 35.552106], [33.283839, 35.551821], [33.284577, 35.551719], [33.283801, 35.552521], [33.284025, 35.552551], [33.28429, 35.55229], [33.283817, 35.552006], [33.283715, 35.55204], [33.283757, 35.552214], [33.284216, 35.552111], [33.281052, 35.552352], [33.280809, 35.552522], [33.281337, 35.552374], [33.28104, 35.552567], [33.280948, 35.552393], [33.281365, 35.552336], [33.281105, 35.552279], [33.280886, 35.552548], [33.281288, 35.553104], [33.286488, 35.549772], [33.287058, 35.549938], [33.287078, 35.550001], [33.286685, 35.549979], [33.28694, 35.54957], [33.287119, 35.550046], [33.286721, 35.549443], [33.287206, 35.550072], [33.286943, 35.550136], [33.286972, 35.549312], [33.28695, 35.549977], [33.286476, 35.549361], [33.271857, 35.551994], [33.272696, 35.552005], [33.271944, 35.551913], [33.271993, 35.551673], [33.272035, 35.551591], [33.272557, 35.551999], [33.272216, 35.55221], [33.272317, 35.552516], [33.272557, 35.551839], [33.272138, 35.552372], [33.277781, 35.554954], [33.27823, 35.554924], [33.278476, 35.555068], [33.277661, 35.554377], [33.278455, 35.554168], [33.278477, 35.55472], [33.278162, 35.554733], [33.278193, 35.554864], [33.277689, 35.554423], [33.277857, 35.554584]]","[[33.286024, 35.548759], [33.286428, 35.548633], [33.285888, 35.548748], [33.28595, 35.548655], [33.285608, 35.54861], [33.285643, 35.549152], [33.285772, 35.548497], [33.285963, 35.549193], [33.286254, 35.549206], [33.286302, 35.549383]]","[33.27664, 35.557266]",friend
"[[33.28166, 35.552298], [33.281917, 35.55234], [33.282049, 35.551731], [33.282539, 35.55201], [33.281913, 35.55199], [33.282252, 35.551415], [33.285134, 35.550933], [33.284764, 35.550273], [33.284702, 35.550496], [33.28435, 35.550485], [33.285107, 35.550228], [33.284607, 35.550182], [33.28482, 35.550641], [33.283659, 35.554107], [33.283653, 35.553479], [33.283147, 35.553854], [33.283748, 35.553582], [33.283613, 35.553977], [33.283764, 35.553554], [33.283845, 35.554243], [33.284295, 35.552156], [33.28406, 35.552448], [33.284097, 35.552167], [33.284809, 35.552539], [33.28394, 35.552334], [33.284148, 35.552703], [33.284848, 35.552639], [33.283724, 35.55282], [33.283744, 35.553042], [33.283548, 35.552266], [33.283482, 35.552531], [33.283395, 35.553047], [33.283478, 35.552732], [33.283458, 35.553098], [33.283664, 35.553124], [33.283727, 35.553057], [33.283558, 35.552267], [33.283716, 35.553106], [33.287035, 35.549723], [33.286276, 35.549824], [33.287099, 35.55009], [33.287096, 35.549867], [33.286875, 35.550259], [33.287004, 35.54965], [33.286907, 35.549411], [33.27239, 35.552378], [33.272391, 35.551874], [33.271922, 35.551702], [33.272556, 35.551609], [33.27231, 35.552407], [33.272378, 35.552064], [33.271854, 35.552306], [33.27271, 35.552411], [33.278015, 35.554165], [33.277967, 35.554588], [33.27833, 35.554628], [33.278232, 35.554428], [33.277751, 35.554293], [33.278058, 35.554357]]","[[33.286314, 35.549371], [33.286748, 35.549463], [33.286016, 35.548975], [33.286702, 35.549129], [33.285998, 35.549101], [33.286747, 35.548965], [33.286447, 35.549263], [33.28689, 35.549245], [33.286283, 35.54909], [33.286003, 35.548737]]","[33.284888, 35.55054]",foe
"[[33.281817, 35.551416], [33.282302, 35.551495], [33.282149, 35.551442], [33.282438, 35.551907], [33.282553, 35.551782], [33.282288, 35.552363], [33.282254, 35.551956], [33.282037, 35.551424], [33.286628, 35.550529], [33.286379, 35.550249], [33.286632, 35.550836], [33.286151, 35.550852], [33.286067, 35.551121], [33.286162, 35.551143], [33.286106, 35.550532], [33.28685, 35.550738], [33.286073, 35.550279], [33.286579, 35.550814], [33.286442, 35.551043], [33.2837, 35.554185], [33.283601, 35.553902], [33.283102, 35.553893], [33.283111, 35.553913], [33.283159, 35.554272], [33.283184, 35.553884], [33.283565, 35.5539], [33.283183, 35.55372], [33.286917, 35.552047], [33.287201, 35.552367], [33.287183, 35.551853], [33.28625, 35.551941], [33.286806, 35.552389], [33.286715, 35.55216], [33.286305, 35.552385], [33.286276, 35.551955], [33.286764, 35.552283], [33.286781, 35.552764], [33.286999, 35.552098], [33.283394, 35.552535], [33.283497, 35.553049], [33.283256, 35.553019], [33.28324, 35.552671], [33.283275, 35.55245], [33.283939, 35.552959], [33.283974, 35.552525], [33.283998, 35.55242], [33.287134, 35.549486], [33.286236, 35.549693], [33.286461, 35.549737], [33.286699, 35.54955], [33.286339, 35.549792], [33.287108, 35.549794], [33.272084, 35.55188], [33.272042, 35.551773], [33.272113, 35.55181], [33.272757, 35.552344], [33.272555, 35.552138], [33.271891, 35.551818], [33.272311, 35.551646], [33.280233, 35.554931], [33.279627, 35.554639], [33.279968, 35.555118], [33.280203, 35.55509], [33.279456, 35.554703], [33.279953, 35.554481]]","[[33.28649, 35.549139], [33.2867, 35.549439], [33.286123, 35.549235], [33.286789, 35.549357], [33.286327, 35.549572], [33.286814, 35.548715], [33.286249, 35.548724], [33.286384, 35.548719], [33.286347, 35.549113]]","[33.261455, 35.554788]",friend
"[[33.284067, 35.55137], [33.283589, 35.551356], [33.283998, 35.551693], [33.284373, 35.551445], [33.283768, 35.551864], [33.283571, 35.551447], [33.286486, 35.550266], [33.286123, 35.550453], [33.286228, 35.550217], [33.286196, 35.55081], [33.286536, 35.550718], [33.286772, 35.550804], [33.286613, 35.551006], [33.283137, 35.553787], [33.283616, 35.553996], [33.283329, 35.553967], [33.283522, 35.553729], [33.283833, 35.554394], [33.283567, 35.55341], [33.283826, 35.553585], [33.283862, 35.553558], [33.283314, 35.553774], [33.287181, 35.552381], [33.287163, 35.552057], [33.286868, 35.552569], [33.286525, 35.552346], [33.286934, 35.552387], [33.28705, 35.552755], [33.286355, 35.552245], [33.286769, 35.552749], [33.286594, 35.552649], [33.287041, 35.552678], [33.283592, 35.552593], [33.283184, 35.552424], [33.283146, 35.55219], [33.283449, 35.553119], [33.283348, 35.553051], [33.28319, 35.55222], [33.283697, 35.552826], [33.28358, 35.552304], [33.283241, 35.553021], [33.284004, 35.553063], [33.286613, 35.549661], [33.286642, 35.549044], [33.286264, 35.548982], [33.28615, 35.549375], [33.286505, 35.549679], [33.286179, 35.548866], [33.286954, 35.549729], [33.286492, 35.54888], [33.286254, 35.549497], [33.286893, 35.549512], [33.271896, 35.552063], [33.271892, 35.552235], [33.27278, 35.552512], [33.272774, 35.552058], [33.271982, 35.552268], [33.272682, 35.552264], [33.281532, 35.554741], [33.281249, 35.554745], [33.281484, 35.555112], [33.281212, 35.554754], [33.281125, 35.55435], [33.281251, 35.554365], [33.281681, 35.554521], [33.281507, 35.554878]]","[[33.286313, 35.549055], [33.28688, 35.549332], [33.286556, 35.549312], [33.286907, 35.549401], [33.28597, 35.548982], [33.286016, 35.54866], [33.286824, 35.54935], [33.286305, 35.549389], [33.286041, 35.549261], [33.286467, 35.549069], [33.286221, 35.549234]]","[33.275151, 35.558461]",friend
"[[33.283856, 35.551265], [33.283454, 35.551509], [33.283945, 35.55191], [33.283174, 35.551847], [33.283312, 35.551756], [33.283879, 35.551072], [33.28376, 35.550998], [33.283784, 35.551654], [33.286273, 35.550364], [33.286349, 35.55106], [33.28625, 35.550872], [33.286778, 35.550535], [33.286521, 35.550274], [33.286852, 35.550174], [33.28617, 35.55058], [33.286232, 35.550963], [33.282941, 35.553893], [33.283296, 35.553775], [33.283157, 35.553595], [33.283818, 35.553264], [33.283416, 35.553414], [33.282955, 35.55352], [33.283446, 35.55362], [33.287127, 35.552015], [33.287169, 35.551982], [33.287214, 35.551462], [33.287373, 35.552224], [33.286546, 35.55148], [33.287471, 35.551564], [33.287175, 35.552099], [33.287354, 35.551879], [33.286839, 35.55186], [33.286862, 35.551979], [33.286948, 35.551558], [33.283947, 35.553087], [33.283252, 35.552431], [33.283556, 35.552637], [33.283786, 35.552185], [33.283391, 35.552555], [33.283761, 35.552214], [33.28327, 35.552395], [33.283175, 35.552373], [33.28378, 35.552233], [33.286972, 35.549303], [33.286991, 35.549138], [33.286439, 35.549176], [33.286068, 35.549134], [33.286247, 35.548885], [33.286749, 35.549267], [33.286816, 35.548856], [33.28664, 35.549085], [33.272418, 35.551995], [33.272067, 35.552198], [33.271878, 35.552402], [33.272719, 35.55202], [33.272568, 35.551621], [33.272656, 35.552178], [33.272604, 35.551782], [33.27236, 35.552513], [33.272784, 35.552176], [33.281597, 35.554332], [33.281518, 35.554856], [33.281199, 35.554259], [33.281645, 35.554604], [33.281632, 35.554589], [33.281592, 35.55457], [33.281779, 35.554912], [33.281641, 35.554995], [33.281757, 35.554332], [33.280959, 35.554361], [33.281438, 35.555038]]","[[33.286402, 35.548821], [33.286194, 35.549082], [33.286127, 35.549512], [33.286774, 35.54958], [33.286756, 35.549094], [33.285959, 35.548978], [33.286219, 35.548701], [33.286541, 35.548842], [33.286148, 35.548696], [33.286917, 35.548903], [33.28648, 35.548881]]","[33.279803, 35.561992]",friend
"[[33.285647, 35.551391], [33.285464, 35.551896], [33.285021, 35.551898], [33.285217, 35.551454], [33.28581, 35.551893], [33.285185, 35.551596], [33.286341, 35.550366], [33.286169, 35.550204], [33.285979, 35.550308], [33.286101, 35.55036], [33.286779, 35.550771], [33.286287, 35.550245], [33.286389, 35.550324], [33.286086, 35.550706], [33.286763, 35.550799], [33.286822, 35.550555], [33.286753, 35.550217], [33.283557, 35.553272], [33.283542, 35.553112], [33.284151, 35.553542], [33.28365, 35.553391], [33.283435, 35.553267], [33.283371, 35.553574], [33.286738, 35.551513], [33.286958, 35.551661], [33.286377, 35.551749], [33.286308, 35.551785], [33.286768, 35.552031], [33.286542, 35.551733], [33.286421, 35.551981], [33.285989, 35.552521], [33.286245, 35.552651], [33.286179, 35.552527], [33.285977, 35.552933], [33.286044, 35.55289], [33.286127, 35.552384], [33.286272, 35.552361], [33.28607, 35.55313], [33.286097, 35.552367], [33.285728, 35.552738], [33.286204, 35.553157], [33.285745, 35.552674], [33.286597, 35.549189], [33.287361, 35.548876], [33.286872, 35.54945], [33.287433, 35.549012], [33.287187, 35.548589], [33.286512, 35.549219], [33.286775, 35.549422], [33.287252, 35.548701], [33.274144, 35.5513], [33.273954, 35.551297], [33.274337, 35.551736], [33.273481, 35.551498], [33.273917, 35.55138], [33.273777, 35.551915], [33.274248, 35.552153], [33.273651, 35.551469], [33.274382, 35.552024], [33.273974, 35.551941], [33.281142, 35.554216], [33.280618, 35.554836], [33.281417, 35.554801], [33.281398, 35.554665], [33.281107, 35.554296], [33.281572, 35.554352], [33.280998, 35.554755], [33.28079, 35.554303]]","[[33.286369, 35.549134], [33.286913, 35.5496], [33.286892, 35.549212], [33.286236, 35.549636], [33.28692, 35.54958], [33.286658, 35.549139], [33.286948, 35.549467], [33.286726, 35.549135], [33.286592, 35.549793]]","[33.262747, 35.552621]",friend
"[[33.28502, 35.551256], [33.285049, 35.551855], [33.285005, 35.551109], [33.285696, 35.551601], [33.285106, 35.551445], [33.285176, 35.551847], [33.285094, 35.551521], [33.28584, 35.551409], [33.286377, 35.550754], [33.28617, 35.55122], [33.285876, 35.550357], [33.286237, 35.550964], [33.286307, 35.550379], [33.286206, 35.550912], [33.285583, 35.550749], [33.285907, 35.551103], [33.285598, 35.550333], [33.285732, 35.550768], [33.285969, 35.551098], [33.285503, 35.553253], [33.285597, 35.553488], [33.285649, 35.553302], [33.285754, 35.552982], [33.285923, 35.553138], [33.285897, 35.553337], [33.285711, 35.553162], [33.28611, 35.553592], [33.285315, 35.553702], [33.285469, 35.552986], [33.286538, 35.55181], [33.286757, 35.552028], [33.286458, 35.55137], [33.287098, 35.551507], [33.28672, 35.551415], [33.286271, 35.551582], [33.286495, 35.551085], [33.286482, 35.551205], [33.286559, 35.551991], [33.286441, 35.552377], [33.28676, 35.552202], [33.286752, 35.552128], [33.286987, 35.552004], [33.286912, 35.552653], [33.287, 35.551901], [33.287047, 35.549143], [33.286972, 35.549366], [33.286865, 35.548773], [33.287215, 35.548733], [33.286844, 35.548962], [33.287315, 35.548455], [33.287226, 35.548535], [33.286526, 35.549313], [33.286663, 35.549025], [33.287101, 35.549226], [33.28694, 35.549232], [33.27414, 35.551794], [33.273498, 35.551711], [33.27395, 35.551579], [33.274152, 35.551824], [33.273997, 35.551982], [33.273836, 35.552064], [33.273646, 35.551714], [33.274054, 35.551964], [33.273636, 35.551979], [33.27445, 35.551497], [33.283272, 35.554152], [33.283202, 35.554298], [33.283681, 35.554436], [33.283099, 35.554904], [33.282997, 35.554598], [33.283012, 35.554415], [33.282955, 35.55493], [33.28379, 35.554655], [33.28335, 35.554706], [33.283846, 35.555128]]","[[33.285999, 35.549522], [33.286763, 35.549657], [33.286249, 35.549166], [33.2867, 35.549694], [33.286807, 35.549586], [33.286866, 35.549851], [33.286099, 35.549809], [33.285961, 35.549562]]","[33.264793, 35.554186]",friend
"[[33.28496, 35.551562], [33.28522, 35.551649], [33.284875, 35.551163], [33.284573, 35.55161], [33.285093, 35.551235], [33.285372, 35.552024], [33.284637, 35.55114], [33.285033, 35.551784], [33.284576, 35.551576], [33.286093, 35.551019], [33.285895, 35.550988], [33.28604, 35.550252], [33.286147, 35.550922], [33.286333, 35.550651], [33.286183, 35.550507], [33.286112, 35.550253], [33.285564, 35.550903], [33.286308, 35.550966], [33.285576, 35.550855], [33.285748, 35.551124], [33.286178, 35.553544], [33.285538, 35.553653], [33.285803, 35.552969], [33.285475, 35.55341], [33.285611, 35.55293], [33.286125, 35.553773], [33.285848, 35.553329], [33.286134, 35.551843], [33.286136, 35.55112], [33.286264, 35.551122], [33.286751, 35.551584], [33.286165, 35.551115], [33.286127, 35.551866], [33.286986, 35.552005], [33.286064, 35.552021], [33.286442, 35.551947], [33.286539, 35.552103], [33.286014, 35.552477], [33.286505, 35.551927], [33.28642, 35.552744], [33.28698, 35.552847], [33.286168, 35.552407], [33.286188, 35.552143], [33.2868, 35.552017], [33.286766, 35.552631], [33.28647, 35.552057], [33.286648, 35.54855], [33.286838, 35.549259], [33.287223, 35.548716], [33.287095, 35.549028], [33.28694, 35.548559], [33.28724, 35.549276], [33.28697, 35.548789], [33.287306, 35.549228], [33.274161, 35.551378], [33.274028, 35.551897], [33.27366, 35.55221], [33.273558, 35.552193], [33.274455, 35.5516], [33.273644, 35.552071], [33.273599, 35.551832], [33.273564, 35.551767], [33.273919, 35.551844], [33.274184, 35.552008], [33.273667, 35.551576], [33.283791, 35.555064], [33.283462, 35.554228], [33.283911, 35.555017], [33.282979, 35.555009], [33.28391, 35.554449], [33.283096, 35.554313], [33.283106, 35.554799], [33.283123, 35.554306], [33.283577, 35.554792], [33.28348, 35.555034], [33.283831, 35.555073]]","[[33.286918, 35.549061], [33.286363, 35.549048], [33.286636, 35.549228], [33.286415, 35.549606], [33.286895, 35.549403], [33.286905, 35.549102], [33.287144, 35.549264]]","[33.287075, 35.53946]",friend
"[[33.285347, 35.552102], [33.28518, 35.55187], [33.285312, 35.551168], [33.28487, 35.551282], [33.285243, 35.551916], [33.284882, 35.552035], [33.284517, 35.551217], [33.285983, 35.551167], [33.286282, 35.550724], [33.286469, 35.550286], [33.285758, 35.550289], [33.285628, 35.550939], [33.286183, 35.551168], [33.286179, 35.553027], [33.286133, 35.553354], [33.285323, 35.553582], [33.28579, 35.553289], [33.286026, 35.553155], [33.285785, 35.552962], [33.285554, 35.553554], [33.286043, 35.553874], [33.286062, 35.553212], [33.285311, 35.553827], [33.285399, 35.553456], [33.286544, 35.552003], [33.286673, 35.55134], [33.286305, 35.55159], [33.286613, 35.551924], [33.286462, 35.551546], [33.286288, 35.551349], [33.287039, 35.55156], [33.286516, 35.552059], [33.287072, 35.551872], [33.2869, 35.551418], [33.286775, 35.551789], [33.287021, 35.551109], [33.286541, 35.551912], [33.286589, 35.55199], [33.286812, 35.552188], [33.286069, 35.551909], [33.28667, 35.552533], [33.286622, 35.5528], [33.286085, 35.55227], [33.286815, 35.5486], [33.28643, 35.548989], [33.286887, 35.54841], [33.286314, 35.54918], [33.286644, 35.549285], [33.28607, 35.549272], [33.286211, 35.549027], [33.286161, 35.548341], [33.286852, 35.549125], [33.276094, 35.551858], [33.275779, 35.551182], [33.27665, 35.551087], [33.275768, 35.55135], [33.275963, 35.551649], [33.276239, 35.551141], [33.285911, 35.554757], [33.285883, 35.5543], [33.285243, 35.554435], [33.285261, 35.554283], [33.285102, 35.554102], [33.285834, 35.554636], [33.285286, 35.554749], [33.285867, 35.554587], [33.285079, 35.55429]]","[[33.286278, 35.54908], [33.287094, 35.549378], [33.286778, 35.549084], [33.286946, 35.548704], [33.286354, 35.549247], [33.287138, 35.54946], [33.286805, 35.549008], [33.287116, 35.54952], [33.286283, 35.548909], [33.286983, 35.549409]]","[33.267544, 35.55709]",foe
"[[33.285121, 35.551969], [33.285017, 35.551985], [33.284995, 35.551703], [33.285084, 35.551962], [33.28456, 35.55126], [33.284462, 35.551239], [33.285215, 35.551897], [33.285036, 35.55135], [33.284802, 35.551479], [33.284468, 35.552068], [33.285104, 35.551626], [33.285842, 35.550656], [33.286484, 35.550727], [33.28567, 35.550464], [33.286113, 35.55047], [33.286425, 35.550402], [33.28642, 35.551095], [33.286, 35.551054], [33.285766, 35.550549], [33.285417, 35.553606], [33.285711, 35.553732], [33.285545, 35.553383], [33.285439, 35.553429], [33.285918, 35.553315], [33.285275, 35.553248], [33.285622, 35.553361], [33.286838, 35.551568], [33.286888, 35.551722], [33.287051, 35.551702], [33.287032, 35.551177], [33.287094, 35.5516], [33.287075, 35.551295], [33.286234, 35.551286], [33.286939, 35.551606], [33.286428, 35.552154], [33.28721, 35.551686], [33.286584, 35.551758], [33.286837, 35.552436], [33.287138, 35.55229], [33.286556, 35.551953], [33.286256, 35.548888], [33.286598, 35.548496], [33.286312, 35.549258], [33.286505, 35.548931], [33.286486, 35.549278], [33.286187, 35.549135], [33.286254, 35.548465], [33.286585, 35.548566], [33.286883, 35.548365], [33.286318, 35.548782], [33.275829, 35.551683], [33.27658, 35.551635], [33.276581, 35.551495], [33.276405, 35.551654], [33.275959, 35.55135], [33.276155, 35.551003], [33.276339, 35.551239], [33.275791, 35.551636], [33.276405, 35.551232], [33.276193, 35.55104], [33.27627, 35.551468], [33.285232, 35.554792], [33.285001, 35.554758], [33.285045, 35.554338], [33.285336, 35.554141], [33.285018, 35.554016], [33.28548, 35.55445]]","[[33.287066, 35.549855], [33.287121, 35.549209], [33.287016, 35.549082], [33.286803, 35.549665], [33.287223, 35.549849], [33.28768, 35.549044], [33.287102, 35.549263], [33.287559, 35.549128], [33.287324, 35.549977], [33.287232, 35.549435]]","[33.274131, 35.557887]",friend
"[[33.286991, 35.551895], [33.286994, 35.551679], [33.28737, 35.551666], [33.287617, 35.551158], [33.28713, 35.551624], [33.287668, 35.551526], [33.287605, 35.551754], [33.287288, 35.551175], [33.287483, 35.551993], [33.287362, 35.551282], [33.287172, 35.551858], [33.285792, 35.550688], [33.285983, 35.550535], [33.285999, 35.550597], [33.28612, 35.550979], [33.285562, 35.551109], [33.28637, 35.550252], [33.285711, 35.550414], [33.286469, 35.550893], [33.285951, 35.550757], [33.285763, 35.551035], [33.286476, 35.551093], [33.28597, 35.553643], [33.285727, 35.553871], [33.285585, 35.553644], [33.285461, 35.552982], [33.286063, 35.55349], [33.285654, 35.553205], [33.285796, 35.553076], [33.285669, 35.553135], [33.285564, 35.553623], [33.285684, 35.553477], [33.285465, 35.553307], [33.286003, 35.553678], [33.287025, 35.551621], [33.286926, 35.55141], [33.286472, 35.551835], [33.286143, 35.551423], [33.286795, 35.551109], [33.286316, 35.551857], [33.287079, 35.551802], [33.286483, 35.551638], [33.286876, 35.552281], [33.286841, 35.552325], [33.286391, 35.551927], [33.287083, 35.551884], [33.286305, 35.552428], [33.286595, 35.551887], [33.287191, 35.551728], [33.286782, 35.551906], [33.286734, 35.551802], [33.2869, 35.549076], [33.286545, 35.549167], [33.286824, 35.548675], [33.286239, 35.548575], [33.286671, 35.549034], [33.286275, 35.548674], [33.286075, 35.548671], [33.286073, 35.548369], [33.286616, 35.549168], [33.286934, 35.548437], [33.286204, 35.548902], [33.286593, 35.548903], [33.276327, 35.551296], [33.276212, 35.551456], [33.276008, 35.55166], [33.276203, 35.551504], [33.276036, 35.550821], [33.276399, 35.551333], [33.276482, 35.551367], [33.276524, 35.551355], [33.27581, 35.551239], [33.285374, 35.554087], [33.285336, 35.553993], [33.285584, 35.554546], [33.285394, 35.554646], [33.285596, 35.554766], [33.2855, 35.554292], [33.285471, 35.553968]]","[[33.287208, 35.549504], [33.287336, 35.549182], [33.286492, 35.549105], [33.28661, 35.54989], [33.287353, 35.549475], [33.287087, 35.549783], [33.287242, 35.549917], [33.286983, 35.549522]]","[33.284333, 35.553876]",friend
"[[33.287678, 35.552042], [33.287428, 35.551727], [33.287478, 35.552071], [33.287026, 35.551669], [33.28774, 35.551547], [33.286879, 35.551306], [33.287599, 35.551338], [33.286982, 35.55139], [33.287505, 35.551934], [33.286067, 35.550357], [33.2857, 35.550404], [33.286529, 35.550849], [33.286341, 35.550468], [33.285608, 35.551132], [33.286513, 35.55039], [33.286064, 35.550357], [33.286282, 35.550964], [33.285719, 35.550414], [33.286436, 35.551172], [33.285494, 35.553775], [33.286242, 35.553508], [33.286228, 35.553589], [33.285831, 35.553378], [33.285707, 35.553465], [33.286094, 35.55293], [33.285478, 35.55375], [33.286212, 35.551592], [33.286384, 35.551223], [33.286145, 35.552054], [33.287103, 35.55115], [33.2862, 35.55166], [33.286177, 35.55126], [33.286997, 35.551761], [33.286993, 35.551524], [33.286909, 35.551148], [33.287122, 35.552242], [33.286502, 35.551461], [33.286711, 35.552126], [33.286871, 35.551949], [33.286968, 35.552415], [33.287045, 35.55178], [33.286849, 35.548973], [33.286124, 35.548855], [33.286692, 35.548994], [33.28658, 35.548402], [33.286487, 35.548368], [33.286634, 35.548772], [33.286921, 35.548552], [33.277838, 35.551308], [33.277604, 35.550848], [33.277725, 35.551157], [33.277658, 35.551131], [33.277714, 35.551342], [33.278293, 35.551228], [33.285076, 35.554509], [33.285081, 35.554572], [33.285918, 35.554144], [33.285434, 35.554637], [33.284957, 35.554918], [33.285271, 35.554885], [33.285351, 35.554731], [33.285329, 35.554256], [33.285285, 35.554087], [33.285357, 35.554268], [33.285356, 35.554949]]","[[33.287634, 35.549393], [33.287378, 35.549974], [33.287202, 35.549081], [33.287092, 35.54937], [33.287202, 35.549199], [33.286933, 35.549217], [33.286873, 35.549035], [33.287091, 35.549189], [33.28698, 35.54984]]","[33.277207, 35.554388]",friend
"[[33.287588, 35.551421], [33.287682, 35.551493], [33.287493, 35.551308], [33.287258, 35.551295], [33.286942, 35.551168], [33.287699, 35.552039], [33.286916, 35.551854], [33.287286, 35.551518], [33.287615, 35.551845], [33.287478, 35.551874], [33.285738, 35.551237], [33.285797, 35.550508], [33.285755, 35.5507], [33.286156, 35.550488], [33.286484, 35.550632], [33.286302, 35.55085], [33.285833, 35.551192], [33.285563, 35.550622], [33.286504, 35.550322], [33.285572, 35.550408], [33.28555, 35.550838], [33.28532, 35.553695], [33.286022, 35.553542], [33.285833, 35.5536], [33.2859, 35.552983], [33.285433, 35.553839], [33.28557, 35.553701], [33.285722, 35.55332], [33.285446, 35.553331], [33.28617, 35.55368], [33.286374, 35.551348], [33.287172, 35.550819], [33.287206, 35.55148], [33.287212, 35.551497], [33.286845, 35.551776], [33.287194, 35.551446], [33.286322, 35.551636], [33.286352, 35.551153], [33.287052, 35.55083], [33.287186, 35.551233], [33.286698, 35.551362], [33.286892, 35.5522], [33.286643, 35.552437], [33.286433, 35.551971], [33.287082, 35.552265], [33.287166, 35.551684], [33.286718, 35.552351], [33.286444, 35.548585], [33.286157, 35.548989], [33.286893, 35.548565], [33.286408, 35.54895], [33.286092, 35.548975], [33.286428, 35.548502], [33.277621, 35.550798], [33.278229, 35.551126], [33.277398, 35.551581], [33.27791, 35.551398], [33.277608, 35.551248], [33.277453, 35.551526], [33.277612, 35.551451], [33.277786, 35.551532], [33.278039, 35.551433], [33.277642, 35.550831], [33.277912, 35.551084], [33.285401, 35.554508], [33.285585, 35.554274], [33.285605, 35.553993], [33.285654, 35.554915], [33.285372, 35.554849], [33.285868, 35.554922]]","[[33.287623, 35.549754], [33.286803, 35.549805], [33.287374, 35.549936], [33.287585, 35.549226], [33.287166, 35.54935], [33.286982, 35.54934], [33.287034, 35.549353], [33.287622, 35.54931]]","[33.271992, 35.558017]",friend
"[[33.287069, 35.551147], [33.287543, 35.551832], [33.287193, 35.551232], [33.287325, 35.551566], [33.287556, 35.551222], [33.287189, 35.551243], [33.28711, 35.55167], [33.287151, 35.551316], [33.285681, 35.55031], [33.286488, 35.551128], [33.286478, 35.550364], [33.285651, 35.550711], [33.286241, 35.550772], [33.285887, 35.550434], [33.285637, 35.550472], [33.28561, 35.551136], [33.28652, 35.550613], [33.285689, 35.550851], [33.285574, 35.550755], [33.28569, 35.551057], [33.285464, 35.553545], [33.286259, 35.553011], [33.285872, 35.553255], [33.28532, 35.553144], [33.285868, 35.553691], [33.285824, 35.553228], [33.286578, 35.550463], [33.285961, 35.550966], [33.286395, 35.550992], [33.286701, 35.550827], [33.286219, 35.551001], [33.286444, 35.551137], [33.286427, 35.551398], [33.286212, 35.551332], [33.286482, 35.551012], [33.285864, 35.550437], [33.286678, 35.552078], [33.286721, 35.551703], [33.286864, 35.551684], [33.28628, 35.551664], [33.286851, 35.551946], [33.28688, 35.551994], [33.286926, 35.552052], [33.286437, 35.552156], [33.28667, 35.551674], [33.286686, 35.548792], [33.286672, 35.548561], [33.286683, 35.549258], [33.28635, 35.548546], [33.286653, 35.548375], [33.286571, 35.549093], [33.286244, 35.549065], [33.286192, 35.548862], [33.286446, 35.548517], [33.287004, 35.54864], [33.28646, 35.548713], [33.279874, 35.551031], [33.279364, 35.550882], [33.279804, 35.551088], [33.280238, 35.551134], [33.279644, 35.551296], [33.279962, 35.551378], [33.280013, 35.551234], [33.285567, 35.554129], [33.285494, 35.55418], [33.285168, 35.554687], [33.28526, 35.554431], [33.285733, 35.554958], [33.285263, 35.554506], [33.285816, 35.554241], [33.285393, 35.554223], [33.285079, 35.554879], [33.285323, 35.55466], [33.285167, 35.554624], [33.285124, 35.554723]]","[[33.287339, 35.549303], [33.287531, 35.549516], [33.286885, 35.549515], [33.287648, 35.549494], [33.287299, 35.549325], [33.287229, 35.549944], [33.287474, 35.549027], [33.287602, 35.549618], [33.287291, 35.549021], [33.287063, 35.549363], [33.287141, 35.549393]]","[33.280317, 35.547119]",friend
"[[33.287096, 35.552102], [33.287413, 35.551318], [33.287102, 35.552], [33.287488, 35.551393], [33.287163, 35.551752], [33.287371, 35.551489], [33.285619, 35.55088], [33.286246, 35.55039], [33.286073, 35.55052], [33.286346, 35.551189], [33.28571, 35.550414], [33.286496, 35.550724], [33.286275, 35.550666], [33.285567, 35.550384], [33.286425, 35.551186], [33.286259, 35.55041], [33.285681, 35.553575], [33.286109, 35.552936], [33.285359, 35.553648], [33.285327, 35.552925], [33.285361, 35.553736], [33.285552, 35.553066], [33.2858, 35.553286], [33.285627, 35.553224], [33.285537, 35.553554], [33.286184, 35.553216], [33.285894, 35.551296], [33.286322, 35.550816], [33.286673, 35.550924], [33.28613, 35.550842], [33.286726, 35.551021], [33.286137, 35.550806], [33.286783, 35.550656], [33.286499, 35.55049], [33.285888, 35.550853], [33.286519, 35.550807], [33.286369, 35.552076], [33.286967, 35.552245], [33.286796, 35.552016], [33.286466, 35.552136], [33.286528, 35.551611], [33.286958, 35.551946], [33.286852, 35.551773], [33.286443, 35.551506], [33.286574, 35.551938], [33.286226, 35.548755], [33.286433, 35.548983], [33.286831, 35.549175], [33.286624, 35.548644], [33.286753, 35.548532], [33.286871, 35.548819], [33.286995, 35.548587], [33.286078, 35.5484], [33.286255, 35.548405], [33.286031, 35.549291], [33.286638, 35.548686], [33.281654, 35.550839], [33.281793, 35.551379], [33.281507, 35.55166], [33.281795, 35.551578], [33.28107, 35.551462], [33.281749, 35.55091], [33.281579, 35.551144], [33.281158, 35.551292], [33.281687, 35.551571], [33.281755, 35.551657], [33.281634, 35.551205], [33.281259, 35.55151], [33.285125, 35.554522], [33.285582, 35.554305], [33.285294, 35.554582], [33.285089, 35.554543], [33.285095, 35.554255], [33.285472, 35.554281], [33.285116, 35.554941], [33.285839, 35.554486], [33.28578, 35.55439]]","[[33.287661, 35.549839], [33.287612, 35.549855], [33.287041, 35.549391], [33.286724, 35.549616], [33.286762, 35.54924], [33.287435, 35.549187], [33.286737, 35.549346], [33.286683, 35.549493], [33.28705, 35.549649]]","[33.272641, 35.540703]",friend
"[[33.287638, 35.551658], [33.287271, 35.551426], [33.286868, 35.552107], [33.286885, 35.551627], [33.286857, 35.552005], [33.287082, 35.551782], [33.286728, 35.552034], [33.286949, 35.552137], [33.287489, 35.552254], [33.286512, 35.550491], [33.286201, 35.55052], [33.285793, 35.550442], [33.285897, 35.550426], [33.28601, 35.550356], [33.285973, 35.550645], [33.286264, 35.55055], [33.285692, 35.551051], [33.286463, 35.550998], [33.286258, 35.550492], [33.286037, 35.55059], [33.28558, 35.553782], [33.285828, 35.553508], [33.285606, 35.553309], [33.285502, 35.553724], [33.286221, 35.552988], [33.28619, 35.553249], [33.286141, 35.553541], [33.285939, 35.552911], [33.285634, 35.553504], [33.285956, 35.553519], [33.286681, 35.550697], [33.286329, 35.551245], [33.286627, 35.550666], [33.286175, 35.550712], [33.285975, 35.550675], [33.286314, 35.55071], [33.286219, 35.550831], [33.286703, 35.55093], [33.285857, 35.551034], [33.286028, 35.55124], [33.286774, 35.55094], [33.286067, 35.551137], [33.286529, 35.551757], [33.286995, 35.551753], [33.286411, 35.552365], [33.286792, 35.5519], [33.286933, 35.551879], [33.286596, 35.551625], [33.287238, 35.552007], [33.287005, 35.548753], [33.286157, 35.548693], [33.286376, 35.548439], [33.286537, 35.549308], [33.286504, 35.549046], [33.286324, 35.549139], [33.2864, 35.549119], [33.286617, 35.54837], [33.286836, 35.548569], [33.286852, 35.548864], [33.286659, 35.548773], [33.286307, 35.549102], [33.281009, 35.551125], [33.281702, 35.550834], [33.281518, 35.550853], [33.281169, 35.550964], [33.281087, 35.550946], [33.281009, 35.55126], [33.280997, 35.551521], [33.281118, 35.551259], [33.281587, 35.551058], [33.281222, 35.551067], [33.285858, 35.554095], [33.284973, 35.554144], [33.285933, 35.554412], [33.285884, 35.554786], [33.285378, 35.554746], [33.28507, 35.554937], [33.284991, 35.553993], [33.285486, 35.55485]]","[[33.286779, 35.549678], [33.286451, 35.549125], [33.286941, 35.549493], [33.286539, 35.549166], [33.287127, 35.548862], [33.286926, 35.548955], [33.287004, 35.5489], [33.287101, 35.549656], [33.287093, 35.549667], [33.287171, 35.548892], [33.286815, 35.549573], [33.287183, 35.548909]]","[33.274741, 35.550509]",friend
"[[33.286521, 35.551483], [33.286908, 35.551694], [33.286516, 35.551341], [33.286509, 35.551031], [33.286484, 35.55188], [33.286407, 35.551102], [33.286445, 35.550707], [33.286267, 35.550799], [33.286237, 35.550794], [33.28649, 35.550652], [33.285687, 35.550831], [33.286008, 35.55123], [33.285801, 35.550926], [33.286178, 35.552984], [33.286186, 35.55363], [33.285671, 35.552895], [33.2857, 35.553013], [33.285835, 35.553791], [33.2855, 35.553813], [33.285823, 35.553597], [33.2854, 35.553608], [33.28563, 35.553398], [33.285361, 35.553048], [33.286773, 35.550698], [33.286438, 35.550437], [33.286558, 35.551078], [33.286727, 35.551326], [33.286325, 35.550724], [33.286753, 35.550633], [33.286681, 35.551769], [33.286901, 35.552053], [33.286463, 35.552057], [33.286727, 35.552317], [33.287189, 35.55149], [33.286466, 35.552175], [33.287163, 35.552187], [33.28663, 35.551505], [33.2866, 35.551468], [33.286965, 35.548828], [33.286915, 35.549007], [33.286276, 35.548768], [33.286362, 35.548613], [33.286758, 35.549115], [33.286172, 35.549118], [33.28699, 35.548866], [33.286826, 35.548716], [33.286852, 35.548686], [33.286761, 35.549173], [33.281463, 35.551621], [33.281238, 35.551242], [33.28126, 35.550821], [33.281711, 35.551405], [33.281063, 35.551464], [33.281445, 35.551603], [33.281318, 35.551092], [33.281801, 35.551612], [33.281696, 35.551204], [33.281416, 35.551397], [33.286015, 35.554324], [33.285652, 35.553954], [33.285154, 35.554671], [33.285846, 35.553766], [33.285404, 35.553886], [33.285237, 35.554072], [33.285217, 35.554564]]","[[33.287164, 35.549609], [33.286258, 35.54978], [33.286657, 35.549546], [33.286602, 35.548946], [33.286472, 35.549023], [33.28716, 35.549231], [33.286262, 35.549721], [33.286841, 35.549174], [33.286304, 35.549077]]","[33.268526, 35.556821]",foe
"[[33.287281, 35.551023], [33.287037, 35.551852], [33.287307, 35.551908], [33.286542, 35.55182], [33.286496, 35.551706], [33.287138, 35.551908], [33.286926, 35.551187], [33.286621, 35.551475], [33.286804, 35.551559], [33.285599, 35.550992], [33.285646, 35.551028], [33.286139, 35.550557], [33.286266, 35.551021], [33.285718, 35.551005], [33.286368, 35.55053], [33.285703, 35.551006], [33.28603, 35.551163], [33.286089, 35.550921], [33.286138, 35.550586], [33.286232, 35.550552], [33.285931, 35.550586], [33.285462, 35.552914], [33.285938, 35.553697], [33.286099, 35.553463], [33.286125, 35.553438], [33.285462, 35.553724], [33.285853, 35.553192], [33.286009, 35.553315], [33.285714, 35.553699], [33.286019, 35.552988], [33.28677, 35.550824], [33.28597, 35.550752], [33.286491, 35.550588], [33.286533, 35.55137], [33.286463, 35.550596], [33.286601, 35.550482], [33.286655, 35.550672], [33.286661, 35.550656], [33.2859, 35.551122], [33.286241, 35.550919], [33.286171, 35.550905], [33.286556, 35.550621], [33.286415, 35.551725], [33.286233, 35.551627], [33.286165, 35.551605], [33.286563, 35.552206], [33.286738, 35.551768], [33.28581, 35.551949], [33.286697, 35.551844], [33.286281, 35.552439], [33.286117, 35.551638], [33.286399, 35.548108], [33.286806, 35.548581], [33.28654, 35.548043], [33.286497, 35.548119], [33.286692, 35.548192], [33.286572, 35.548739], [33.286791, 35.548841], [33.286161, 35.548238], [33.281797, 35.55157], [33.281389, 35.5509], [33.281017, 35.55111], [33.281429, 35.551154], [33.281441, 35.55148], [33.280994, 35.551156], [33.28555, 35.553931], [33.28563, 35.553904], [33.286199, 35.55435], [33.286106, 35.55423], [33.285312, 35.554865], [33.285594, 35.553896], [33.285777, 35.554727], [33.285841, 35.554246], [33.28539, 35.554305], [33.285489, 35.553932], [33.286238, 35.55399]]","[[33.286238, 35.549588], [33.286771, 35.549364], [33.286847, 35.549673], [33.286496, 35.549101], [33.2867, 35.549525], [33.286849, 35.549198], [33.286616, 35.549031], [33.286916, 35.549217], [33.287089, 35.549481], [33.287075, 35.549612], [33.286461, 35.549022]]","[33.267787, 35.542089]",foe
"[[33.287184, 35.551168], [33.287118, 35.551045], [33.286526, 35.551297], [33.286865, 35.551796], [33.286352, 35.551413], [33.286443, 35.55142], [33.286716, 35.55118], [33.285892, 35.550789], [33.286395, 35.551294], [33.285918, 35.550665], [33.286193, 35.551094], [33.285688, 35.550582], [33.2858, 35.551015], [33.286222, 35.551177], [33.285678, 35.550868], [33.286526, 35.550854], [33.286381, 35.550705], [33.286441, 35.550888], [33.286559, 35.550769], [33.286061, 35.553696], [33.285377, 35.553353], [33.285796, 35.553727], [33.285503, 35.553737], [33.285674, 35.553746], [33.286002, 35.55361], [33.286199, 35.551212], [33.286253, 35.550974], [33.285895, 35.551411], [33.286586, 35.550495], [33.286809, 35.551326], [33.286216, 35.550899], [33.286574, 35.550688], [33.286371, 35.550523], [33.286434, 35.552023], [33.286196, 35.551562], [33.286639, 35.552277], [33.286602, 35.551646], [33.286453, 35.552349], [33.285891, 35.552319], [33.286715, 35.552258], [33.286591, 35.552365], [33.286258, 35.552357], [33.286261, 35.551942], [33.286671, 35.547973], [33.286482, 35.54831], [33.287043, 35.548266], [33.287124, 35.547896], [33.286892, 35.548813], [33.286707, 35.548311], [33.286289, 35.548759], [33.281544, 35.551756], [33.281319, 35.551551], [33.281801, 35.551272], [33.281468, 35.551712], [33.281518, 35.551564], [33.281311, 35.551194], [33.281566, 35.551313], [33.285698, 35.554273], [33.285455, 35.554678], [33.285651, 35.554183], [33.285359, 35.554721], [33.285465, 35.554034], [33.285895, 35.554783], [33.285269, 35.554045], [33.285329, 35.554091]]",[],"[33.268721, 35.554773]",foe
"[[33.286839, 35.551128], [33.287212, 35.550721], [33.286792, 35.551603], [33.286534, 35.551447], [33.286438, 35.551233], [33.286845, 35.550739], [33.287162, 35.551419], [33.287008, 35.551104], [33.287311, 35.551588], [33.286835, 35.55069], [33.286851, 35.551368], [33.286273, 35.55079], [33.286774, 35.550494], [33.286104, 35.550681], [33.286261, 35.54993], [33.286398, 35.550359], [33.286194, 35.550085], [33.28649, 35.549973], [33.285489, 35.553836], [33.286014, 35.553783], [33.285817, 35.553824], [33.285541, 35.553036], [33.28615, 35.553407], [33.285469, 35.553142], [33.285503, 35.553425], [33.28612, 35.553565], [33.285552, 35.553504], [33.285362, 35.55364], [33.285597, 35.553195], [33.285647, 35.552975], [33.286332, 35.550423], [33.286287, 35.550675], [33.285657, 35.55099], [33.286492, 35.550916], [33.285978, 35.550331], [33.286114, 35.550303], [33.285967, 35.55028], [33.286353, 35.552395], [33.286446, 35.552088], [33.286564, 35.552251], [33.286091, 35.552391], [33.286467, 35.552434], [33.286036, 35.552512], [33.28664, 35.551923], [33.286108, 35.551667], [33.285975, 35.552499], [33.2862, 35.551743], [33.28694, 35.548674], [33.286888, 35.548512], [33.286697, 35.548323], [33.286703, 35.548774], [33.286258, 35.548316], [33.286606, 35.548791], [33.286164, 35.548495], [33.286877, 35.54852], [33.286155, 35.548191], [33.286799, 35.548722], [33.287117, 35.548199], [33.286793, 35.548713], [33.283391, 35.551402], [33.282779, 35.551274], [33.282936, 35.55159], [33.283023, 35.550811], [33.283131, 35.551035], [33.282951, 35.551534], [33.283169, 35.551072], [33.283016, 35.551181], [33.283007, 35.550909], [33.283254, 35.551393], [33.282936, 35.551747], [33.282663, 35.551671], [33.285296, 35.553983], [33.285307, 35.554195], [33.285677, 35.554033], [33.285341, 35.554027], [33.286164, 35.554739], [33.285718, 35.554061], [33.285384, 35.554508], [33.285317, 35.554775], [33.285737, 35.554128], [33.2857, 35.554781], [33.286005, 35.554534]]",[],"[33.263904, 35.545974]",friend
"[[33.286668, 35.550939], [33.286352, 35.551008], [33.286372, 35.551245], [33.286679, 35.550756], [33.286574, 35.550703], [33.285955, 35.550627], [33.286244, 35.551494], [33.286438, 35.550921], [33.285976, 35.551224], [33.286231, 35.550281], [33.286014, 35.550072], [33.286581, 35.550767], [33.286044, 35.550393], [33.286629, 35.55042], [33.2866, 35.550402], [33.286569, 35.550291], [33.286224, 35.550538], [33.286, 35.550806], [33.286608, 35.550376], [33.286854, 35.550124], [33.285948, 35.550923], [33.285912, 35.552469], [33.285505, 35.552463], [33.285716, 35.552742], [33.285674, 35.552697], [33.285221, 35.553362], [33.285005, 35.553032], [33.285615, 35.552791], [33.285341, 35.552745], [33.285642, 35.552695], [33.285159, 35.55284], [33.285983, 35.550921], [33.285783, 35.551051], [33.285581, 35.550838], [33.286518, 35.550236], [33.28644, 35.550425], [33.286302, 35.5502], [33.285707, 35.551155], [33.286121, 35.551091], [33.2861, 35.550325], [33.285883, 35.551712], [33.286182, 35.551678], [33.286582, 35.552558], [33.286305, 35.552581], [33.286221, 35.552216], [33.286756, 35.552222], [33.286096, 35.552419], [33.286187, 35.552611], [33.286662, 35.55203], [33.2864, 35.552438], [33.286189, 35.552424], [33.286768, 35.551669], [33.286355, 35.548321], [33.28692, 35.548644], [33.286946, 35.548548], [33.286148, 35.548346], [33.287033, 35.548611], [33.286682, 35.547876], [33.286305, 35.548871], [33.286717, 35.548864], [33.286618, 35.548279], [33.285746, 35.551263], [33.284928, 35.551191], [33.285243, 35.55073], [33.285728, 35.551126], [33.28505, 35.550733], [33.284867, 35.550699], [33.285415, 35.550723], [33.285369, 35.551266], [33.28524, 35.550687], [33.284994, 35.550724], [33.285247, 35.550617], [33.285439, 35.550617], [33.286121, 35.553896], [33.285466, 35.554693], [33.286032, 35.554591], [33.285648, 35.554685], [33.285281, 35.554498], [33.285697, 35.553967], [33.285783, 35.554219], [33.285855, 35.553877], [33.286184, 35.554429], [33.285782, 35.554516]]",[],"[33.288236, 35.550935]",friend
"[[33.286826, 35.551429], [33.286376, 35.551484], [33.286066, 35.550962], [33.285979, 35.55092], [33.285982, 35.550981], [33.286371, 35.551593], [33.286583, 35.551014], [33.286718, 35.551018], [33.286068, 35.551323], [33.286665, 35.55157], [33.28662, 35.551558], [33.286275, 35.549975], [33.286133, 35.550241], [33.286206, 35.550629], [33.28693, 35.550485], [33.286365, 35.550165], [33.286731, 35.550675], [33.286938, 35.550774], [33.286457, 35.550592], [33.286002, 35.550159], [33.286745, 35.550692], [33.285143, 35.552384], [33.285224, 35.552483], [33.284971, 35.553007], [33.285487, 35.552205], [33.284819, 35.55299], [33.284728, 35.552072], [33.28555, 35.552633], [33.28487, 35.552624], [33.285419, 35.552132], [33.285465, 35.55295], [33.2859, 35.550925], [33.28655, 35.550287], [33.285607, 35.550252], [33.286098, 35.550255], [33.286083, 35.550728], [33.286111, 35.550594], [33.285673, 35.550478], [33.285662, 35.551052], [33.286672, 35.552216], [33.286613, 35.552647], [33.286705, 35.552219], [33.286124, 35.552021], [33.285862, 35.55248], [33.286717, 35.552461], [33.286368, 35.552062], [33.286102, 35.552162], [33.286583, 35.552735], [33.286328, 35.551927], [33.286316, 35.552186], [33.286667, 35.548298], [33.286186, 35.548602], [33.286395, 35.548676], [33.287078, 35.548136], [33.286189, 35.548632], [33.286607, 35.547911], [33.286643, 35.548765], [33.285776, 35.55108], [33.285441, 35.550962], [33.285808, 35.550533], [33.285406, 35.550696], [33.284969, 35.551276], [33.28554, 35.551019], [33.285793, 35.550336], [33.285563, 35.550691], [33.285666, 35.554766], [33.285406, 35.554124], [33.285492, 35.554469], [33.285457, 35.554003], [33.285787, 35.554796], [33.285605, 35.554604], [33.28623, 35.554758]]",[],"[33.265911, 35.547424]",friend
"[[33.286468, 35.551425], [33.286274, 35.551158], [33.286587, 35.551348], [33.286787, 35.551282], [33.285919, 35.550891], [33.286005, 35.551166], [33.28651, 35.550851], [33.286328, 35.550812], [33.286742, 35.551131], [33.285917, 35.551587], [33.286103, 35.550571], [33.286525, 35.550623], [33.286684, 35.550601], [33.286665, 35.550112], [33.28625, 35.54969], [33.285728, 35.550187], [33.286159, 35.549698], [33.286016, 35.550536], [33.286255, 35.550223], [33.284918, 35.553013], [33.285534, 35.55225], [33.285376, 35.55257], [33.285466, 35.552472], [33.285448, 35.552979], [33.285361, 35.552107], [33.284835, 35.55229], [33.284941, 35.552511], [33.285635, 35.552139], [33.285306, 35.552779], [33.285877, 35.550213], [33.285623, 35.550988], [33.285746, 35.551024], [33.285896, 35.551026], [33.285426, 35.550449], [33.28551, 35.550922], [33.285573, 35.550935], [33.285485, 35.550535], [33.285873, 35.55225], [33.285916, 35.551855], [33.286516, 35.55223], [33.286415, 35.552494], [33.285932, 35.552085], [33.285911, 35.551944], [33.285719, 35.55184], [33.287012, 35.548702], [33.286314, 35.548175], [33.286341, 35.548435], [33.286951, 35.548379], [33.286265, 35.548308], [33.286305, 35.548166], [33.287035, 35.548088], [33.28709, 35.547983], [33.286884, 35.548206], [33.286232, 35.548225], [33.285688, 35.551234], [33.284998, 35.550362], [33.285502, 35.551133], [33.285528, 35.550858], [33.285435, 35.550744], [33.284993, 35.55079], [33.285407, 35.550909], [33.285544, 35.550383], [33.285727, 35.554288], [33.286069, 35.554864], [33.285887, 35.553969], [33.286196, 35.554703], [33.285837, 35.553903], [33.285873, 35.554662], [33.285916, 35.554468]]",[],"[33.262088, 35.56108]",foe
"[[33.286188, 35.550896], [33.286609, 35.551513], [33.286744, 35.550935], [33.286933, 35.551507], [33.286883, 35.55137], [33.286301, 35.550751], [33.286279, 35.551578], [33.286141, 35.551547], [33.286468, 35.551071], [33.286489, 35.550785], [33.285721, 35.550054], [33.286349, 35.550176], [33.28663, 35.550327], [33.285834, 35.550458], [33.286708, 35.550495], [33.285854, 35.550276], [33.285412, 35.552529], [33.28474, 35.552821], [33.284434, 35.552603], [33.284797, 35.552746], [33.284983, 35.552283], [33.285161, 35.552816], [33.2853, 35.552556], [33.285293, 35.55271], [33.285205, 35.552829], [33.285221, 35.552842], [33.284739, 35.553126], [33.285458, 35.550766], [33.286045, 35.550857], [33.286048, 35.550222], [33.285362, 35.550465], [33.285972, 35.55081], [33.285406, 35.550964], [33.285767, 35.550538], [33.286356, 35.552024], [33.285557, 35.552334], [33.285624, 35.552101], [33.28603, 35.552609], [33.286235, 35.552415], [33.285688, 35.55243], [33.285678, 35.552324], [33.286272, 35.547955], [33.286371, 35.548437], [33.286507, 35.548131], [33.286929, 35.548256], [33.286894, 35.548286], [33.286509, 35.547925], [33.286905, 35.548754], [33.286402, 35.548296], [33.287012, 35.547987], [33.286823, 35.548185], [33.285378, 35.551179], [33.285115, 35.550466], [33.285065, 35.550432], [33.285091, 35.550485], [33.285427, 35.551216], [33.285084, 35.551248], [33.285544, 35.550323], [33.28509, 35.550392], [33.285088, 35.550932], [33.284949, 35.554488], [33.285586, 35.55427], [33.285108, 35.55426], [33.285391, 35.553939], [33.28547, 35.553855], [33.285526, 35.553913], [33.285347, 35.554239], [33.28536, 35.553878], [33.285203, 35.55401], [33.285536, 35.554227], [33.285762, 35.554051], [33.284942, 35.553993]]",[],"[33.290787, 35.559007]",friend
"[[33.286873, 35.550373], [33.286536, 35.550349], [33.286728, 35.550746], [33.286343, 35.550963], [33.286818, 35.550528], [33.286294, 35.550632], [33.286833, 35.550372], [33.287207, 35.551038], [33.286693, 35.55092], [33.286345, 35.549927], [33.285989, 35.550219], [33.286691, 35.550152], [33.286427, 35.549849], [33.286191, 35.549991], [33.286618, 35.550355], [33.286616, 35.550531], [33.286582, 35.550184], [33.285774, 35.54989], [33.286534, 35.549701], [33.286879, 35.552552], [33.287274, 35.553152], [33.286618, 35.552669], [33.287245, 35.552997], [33.286754, 35.552559], [33.286654, 35.553133], [33.28674, 35.552335], [33.286597, 35.552467], [33.286969, 35.552462], [33.285009, 35.551072], [33.285619, 35.551074], [33.285495, 35.551129], [33.284909, 35.551075], [33.285549, 35.550385], [33.285573, 35.550445], [33.285372, 35.550954], [33.285459, 35.550598], [33.285032, 35.550994], [33.285597, 35.551923], [33.285611, 35.552075], [33.285993, 35.551725], [33.285886, 35.552444], [33.286504, 35.552158], [33.286059, 35.551686], [33.286253, 35.552163], [33.286171, 35.548838], [33.286724, 35.548027], [33.286603, 35.548531], [33.28641, 35.547992], [33.286935, 35.548348], [33.286299, 35.548504], [33.285279, 35.551197], [33.285138, 35.55045], [33.285758, 35.551], [33.285442, 35.550973], [33.285275, 35.55129], [33.284967, 35.550635], [33.285533, 35.55038], [33.28502, 35.55036], [33.285683, 35.551087], [33.28514, 35.550688], [33.285143, 35.550823], [33.285192, 35.55469], [33.285261, 35.554354], [33.284983, 35.554147], [33.284862, 35.554406], [33.284869, 35.55471], [33.285579, 35.554608], [33.285279, 35.554727], [33.28512, 35.553795], [33.285489, 35.554333], [33.285749, 35.554313], [33.284801, 35.553766], [33.285336, 35.554346]]",[],"[33.271036, 35.54148]",friend
"[[33.287438, 35.550796], [33.287497, 35.550849], [33.287428, 35.550995], [33.286971, 35.551004], [33.287337, 35.550826], [33.286555, 35.551107], [33.287468, 35.550733], [33.286564, 35.551038], [33.287015, 35.551277], [33.286636, 35.550625], [33.286367, 35.54987], [33.286703, 35.550133], [33.286203, 35.549739], [33.286144, 35.549967], [33.286649, 35.549491], [33.286313, 35.550057], [33.286082, 35.549304], [33.286265, 35.549339], [33.28652, 35.550108], [33.28679, 35.549929], [33.286561, 35.550148], [33.286725, 35.549893], [33.286371, 35.55234], [33.286337, 35.552486], [33.28663, 35.552763], [33.286444, 35.55267], [33.287156, 35.552438], [33.286743, 35.552728], [33.286434, 35.553147], [33.287253, 35.552327], [33.286442, 35.552406], [33.285184, 35.550823], [33.285813, 35.550434], [33.285043, 35.550453], [33.285224, 35.550784], [33.285609, 35.550297], [33.285725, 35.551222], [33.285831, 35.550938], [33.286019, 35.551833], [33.28642, 35.552414], [33.286363, 35.551965], [33.28686, 35.552251], [33.286584, 35.552522], [33.286358, 35.551878], [33.286564, 35.552319], [33.28654, 35.552057], [33.28603, 35.551944], [33.286727, 35.552416], [33.286384, 35.548636], [33.287053, 35.548183], [33.287045, 35.548665], [33.286456, 35.548266], [33.286294, 35.548247], [33.286216, 35.548451], [33.286818, 35.548306], [33.286712, 35.548755], [33.286295, 35.548599], [33.286579, 35.548847], [33.286839, 35.547899], [33.285544, 35.550395], [33.285493, 35.550538], [33.285689, 35.550708], [33.285059, 35.550711], [33.284875, 35.550941], [33.285472, 35.55086], [33.285544, 35.550345], [33.285335, 35.551013], [33.285763, 35.550418], [33.284927, 35.550527], [33.285701, 35.551216], [33.284904, 35.55116], [33.284736, 35.553684], [33.28503, 35.553667], [33.28502, 35.553468], [33.284857, 35.554186], [33.285446, 35.554262], [33.285016, 35.553842], [33.28488, 35.553554], [33.28509, 35.553917], [33.285406, 35.553931]]",[],"[33.261596, 35.554891]",friend
"[[33.286749, 35.551135], [33.286715, 35.550988], [33.286593, 35.550469], [33.286654, 35.551156], [33.287068, 35.551279], [33.287022, 35.551324], [33.287314, 35.550574], [33.287154, 35.550902], [33.286409, 35.549429], [33.286539, 35.549566], [33.286416, 35.549825], [33.286843, 35.549557], [33.286338, 35.549753], [33.286985, 35.549561], [33.286317, 35.550162], [33.286519, 35.549397], [33.287179, 35.552324], [33.286924, 35.552367], [33.286307, 35.55224], [33.287186, 35.552608], [33.286323, 35.553035], [33.286351, 35.552273], [33.286922, 35.553153], [33.286735, 35.55307], [33.287266, 35.552744], [33.286693, 35.552287], [33.286495, 35.552886], [33.286367, 35.553081], [33.285627, 35.550272], [33.285091, 35.550271], [33.285205, 35.551032], [33.285023, 35.550653], [33.285753, 35.550326], [33.285562, 35.550294], [33.285272, 35.551037], [33.285204, 35.55028], [33.285832, 35.550961], [33.285132, 35.55079], [33.285549, 35.551153], [33.284877, 35.55043], [33.285987, 35.552159], [33.286477, 35.552139], [33.28684, 35.552425], [33.286453, 35.552173], [33.286584, 35.551944], [33.285983, 35.552479], [33.285931, 35.552108], [33.286791, 35.552019], [33.286331, 35.548422], [33.286922, 35.548514], [33.286391, 35.548233], [33.286461, 35.548223], [33.28656, 35.548809], [33.286758, 35.548788], [33.285564, 35.550756], [33.285025, 35.550848], [33.285708, 35.550067], [33.285545, 35.55034], [33.28558, 35.55094], [33.285401, 35.55014], [33.285132, 35.550634], [33.285116, 35.551025], [33.285531, 35.550976], [33.285253, 35.550698], [33.285148, 35.554157], [33.284863, 35.55386], [33.284747, 35.554443], [33.28505, 35.553776], [33.284915, 35.553982], [33.28525, 35.553607], [33.284732, 35.554369]]",[],"[33.271644, 35.551467]",friend
"[[33.287639, 35.54996], [33.287474, 35.550171], [33.287131, 35.550881], [33.286908, 35.55039], [33.286776, 35.550625], [33.287348, 35.55043], [33.287608, 35.549994], [33.28748, 35.550418], [33.287439, 35.550091], [33.28716, 35.550154], [33.287276, 35.549556], [33.287181, 35.550063], [33.287073, 35.54955], [33.28728, 35.549836], [33.2867, 35.550087], [33.287156, 35.549958], [33.286687, 35.549569], [33.287119, 35.553245], [33.287169, 35.55251], [33.286715, 35.55296], [33.286729, 35.552383], [33.286753, 35.55257], [33.28696, 35.552854], [33.28719, 35.553231], [33.28739, 35.552342], [33.287176, 35.552881], [33.286785, 35.552405], [33.285153, 35.550305], [33.28505, 35.550521], [33.285485, 35.551001], [33.285862, 35.550746], [33.285179, 35.550531], [33.285777, 35.550265], [33.286152, 35.552245], [33.286856, 35.55198], [33.28647, 35.551881], [33.286495, 35.552208], [33.286764, 35.552528], [33.28662, 35.552316], [33.285942, 35.551905], [33.286676, 35.551836], [33.286121, 35.552503], [33.286372, 35.552351], [33.286853, 35.551919], [33.286541, 35.548342], [33.286569, 35.548807], [33.286745, 35.548159], [33.286283, 35.547911], [33.286809, 35.548689], [33.286626, 35.548783], [33.286504, 35.548087], [33.286145, 35.547973], [33.286614, 35.548843], [33.286672, 35.548599], [33.285162, 35.550438], [33.285423, 35.550567], [33.285899, 35.550169], [33.285143, 35.55073], [33.285426, 35.551031], [33.28563, 35.550532], [33.285503, 35.551034], [33.287019, 35.553549], [33.286798, 35.553614], [33.287024, 35.553662], [33.287065, 35.554153], [33.287051, 35.55444], [33.286271, 35.553557], [33.286925, 35.554035]]",[],"[33.265405, 35.548848]",friend
"[[33.286826, 35.550775], [33.287339, 35.550127], [33.287583, 35.55019], [33.287639, 35.550504], [33.28699, 35.550547], [33.287287, 35.550315], [33.287466, 35.550237], [33.28725, 35.550798], [33.286274, 35.549657], [33.286945, 35.550138], [33.287031, 35.550344], [33.286601, 35.550087], [33.286918, 35.550124], [33.286491, 35.549404], [33.287407, 35.553071], [33.287228, 35.55305], [33.287229, 35.553047], [33.286717, 35.553167], [33.286539, 35.553257], [33.287344, 35.552507], [33.287308, 35.552459], [33.28705, 35.553108], [33.287382, 35.552941], [33.286561, 35.553011], [33.285752, 35.5505], [33.285319, 35.550706], [33.285704, 35.551033], [33.284989, 35.550598], [33.285099, 35.550411], [33.285699, 35.550826], [33.28584, 35.55065], [33.285329, 35.551204], [33.286159, 35.552125], [33.286757, 35.551949], [33.286645, 35.552078], [33.286138, 35.552224], [33.285948, 35.551613], [33.286808, 35.552518], [33.286739, 35.55192], [33.286243, 35.552297], [33.286667, 35.552502], [33.286422, 35.548346], [33.286153, 35.548499], [33.286243, 35.54838], [33.286607, 35.547847], [33.285716, 35.548005], [33.286472, 35.54776], [33.286102, 35.548025], [33.286684, 35.548648], [33.286609, 35.548226], [33.285966, 35.548381], [33.28563, 35.550492], [33.285564, 35.550618], [33.284865, 35.550205], [33.285614, 35.550623], [33.285033, 35.550423], [33.285697, 35.550879], [33.285316, 35.5505], [33.285676, 35.550794], [33.285265, 35.550792], [33.285192, 35.550358], [33.286427, 35.553627], [33.2861, 35.55433], [33.286062, 35.553897], [33.28651, 35.554156], [33.286506, 35.554134], [33.286456, 35.553935], [33.286013, 35.553909]]",[],"[33.268584, 35.544213]",friend
"[[33.287249, 35.550308], [33.28686, 35.550229], [33.287646, 35.550844], [33.2875, 35.550107], [33.287524, 35.550585], [33.287286, 35.550545], [33.287193, 35.550761], [33.286757, 35.550362], [33.286859, 35.550678], [33.286671, 35.550563], [33.286983, 35.550269], [33.286948, 35.550209], [33.28684, 35.549803], [33.28631, 35.549875], [33.286604, 35.550256], [33.286284, 35.549723], [33.286313, 35.54997], [33.286978, 35.550131], [33.286839, 35.55027], [33.286755, 35.550313], [33.286924, 35.550304], [33.286684, 35.553059], [33.28739, 35.552355], [33.286744, 35.552976], [33.287295, 35.552384], [33.287151, 35.552628], [33.287129, 35.553196], [33.287097, 35.553086], [33.287089, 35.55292], [33.28678, 35.552289], [33.285527, 35.550253], [33.286, 35.550814], [33.285663, 35.5507], [33.285113, 35.55066], [33.28592, 35.550732], [33.285675, 35.550762], [33.285467, 35.550271], [33.286735, 35.552557], [33.286372, 35.552361], [33.286121, 35.552475], [33.286872, 35.552105], [33.286426, 35.552299], [33.286594, 35.551887], [33.285949, 35.552268], [33.286805, 35.551851], [33.286054, 35.552275], [33.286004, 35.551842], [33.286272, 35.551672], [33.286223, 35.551996], [33.286338, 35.548377], [33.28644, 35.548333], [33.286112, 35.547995], [33.285912, 35.548603], [33.286513, 35.548275], [33.286199, 35.548008], [33.285762, 35.548414], [33.286602, 35.548643], [33.286045, 35.548156], [33.285956, 35.548384], [33.286202, 35.548536], [33.28623, 35.548353], [33.285418, 35.550114], [33.285201, 35.550843], [33.285454, 35.550484], [33.284835, 35.550859], [33.285712, 35.550405], [33.285257, 35.550432], [33.285097, 35.550518], [33.286771, 35.554419], [33.286178, 35.554191], [33.286698, 35.554356], [33.286386, 35.553929], [33.286205, 35.553964], [33.286819, 35.553668], [33.286873, 35.55448]]",[],"[33.264693, 35.557794]",friend
